,Ticker,KG_Search,KG_ID,KG_Desc,Description,Comp_URL,Wiki_URL,KG_nr_hit
0,III.L,3i Group PLC,/m/02ht0r,Private equity company,"['16 Palace StreetLONDON \xa0  \xa0 SW1E 5JD\nP: +4420.79753131F: +4420.79753232', ""Reuters, the news and media division of Thomson Reuters, is the world’s largest international multimedia news provider reaching more than one billion people every day. Reuters provides trusted business, financial, national, and international news to professionals via Thomson Reuters desktops, the world's media organizations, and directly to consumers at Reuters.com and via Reuters TV.  Learn more about Thomson Reuters products:"", ' All quotes delayed a minimum of 15 minutes. See here for a complete list of exchanges and delays.']",http://www.3i.com/,https://en.wikipedia.org/wiki/3i,0
1,ADML.L,Admiral Group PLC,/m/08vfdz,Insurance company,"['Ty Admiral, David StreetCARDIFF \xa0  \xa0 CF10 2EH\nP: +44871.8828282', ""Reuters, the news and media division of Thomson Reuters, is the world’s largest international multimedia news provider reaching more than one billion people every day. Reuters provides trusted business, financial, national, and international news to professionals via Thomson Reuters desktops, the world's media organizations, and directly to consumers at Reuters.com and via Reuters TV.  Learn more about Thomson Reuters products:"", ' All quotes delayed a minimum of 15 minutes. See here for a complete list of exchanges and delays.']",http://www.admiralgroup.co.uk/,https://en.wikipedia.org/wiki/Admiral_Group,0
2,AAL.L,Anglo American PLC,/m/04vd0h,Mining company,"['Anglo American House20 Carlton House TerraceLONDON \xa0  \xa0 SW1Y 5AN\nP: +4420.79688888F: +4420.79688500', ""Reuters, the news and media division of Thomson Reuters, is the world’s largest international multimedia news provider reaching more than one billion people every day. Reuters provides trusted business, financial, national, and international news to professionals via Thomson Reuters desktops, the world's media organizations, and directly to consumers at Reuters.com and via Reuters TV.  Learn more about Thomson Reuters products:"", ' All quotes delayed a minimum of 15 minutes. See here for a complete list of exchanges and delays.']",http://www.angloamerican.com/,https://en.wikipedia.org/wiki/Anglo_American_plc,0
3,ANTO.L,Antofagasta PLC,/m/05wxdg,,"['Cleveland HSE, 33 King StreetLONDON \xa0  \xa0 SW1Y 6RJ\nP: +4420.78080988F: +4420.79307578', ""Reuters, the news and media division of Thomson Reuters, is the world’s largest international multimedia news provider reaching more than one billion people every day. Reuters provides trusted business, financial, national, and international news to professionals via Thomson Reuters desktops, the world's media organizations, and directly to consumers at Reuters.com and via Reuters TV.  Learn more about Thomson Reuters products:"", ' All quotes delayed a minimum of 15 minutes. See here for a complete list of exchanges and delays.']",http://www.antofagasta.co.uk/,https://en.wikipedia.org/wiki/Antofagasta_PLC,0
4,AHT.L,Ashtead Group PLC,/m/08yvj9,Company,"['100 CheapsideLONDON \xa0  \xa0 EC2V 6DT\nP: +4420.77269700F: +4420.77269705', ""Reuters, the news and media division of Thomson Reuters, is the world’s largest international multimedia news provider reaching more than one billion people every day. Reuters provides trusted business, financial, national, and international news to professionals via Thomson Reuters desktops, the world's media organizations, and directly to consumers at Reuters.com and via Reuters TV.  Learn more about Thomson Reuters products:"", ' All quotes delayed a minimum of 15 minutes. See here for a complete list of exchanges and delays.']",http://www.ashtead-group.com/,https://en.wikipedia.org/wiki/Ashtead_Group,0
5,ABF.L,Associated British Foods PLC,/m/05t89q,Food processing company,"['Mayfair, 10 Grosvenor StreetLONDON \xa0  \xa0 W1K 4QY\nP: +4420.73996500F: +4420.73996580', ""Reuters, the news and media division of Thomson Reuters, is the world’s largest international multimedia news provider reaching more than one billion people every day. Reuters provides trusted business, financial, national, and international news to professionals via Thomson Reuters desktops, the world's media organizations, and directly to consumers at Reuters.com and via Reuters TV.  Learn more about Thomson Reuters products:"", ' All quotes delayed a minimum of 15 minutes. See here for a complete list of exchanges and delays.']",,https://en.wikipedia.org/wiki/Associated_British_Foods,0
6,AZN.L,AstraZeneca PLC,/m/028zbs,Pharmaceutical company,"['1 Francis Crick AvenueCAMBRIDGE \xa0  \xa0 CB2 0AA\nP: +4420.73045000F: +4420.76048151', ""Reuters, the news and media division of Thomson Reuters, is the world’s largest international multimedia news provider reaching more than one billion people every day. Reuters provides trusted business, financial, national, and international news to professionals via Thomson Reuters desktops, the world's media organizations, and directly to consumers at Reuters.com and via Reuters TV.  Learn more about Thomson Reuters products:"", ' All quotes delayed a minimum of 15 minutes. See here for a complete list of exchanges and delays.']",http://www.astrazeneca.com,https://en.wikipedia.org/wiki/AstraZeneca,0
7,AUTOA.L,Auto Trader Group PLC,/m/047mnfl,Company,"['4th Fl, 1 Tony Wilson PlaceMANCHESTER \xa0  \xa0 M15 4FN\nP: +44161.6699888', ""Reuters, the news and media division of Thomson Reuters, is the world’s largest international multimedia news provider reaching more than one billion people every day. Reuters provides trusted business, financial, national, and international news to professionals via Thomson Reuters desktops, the world's media organizations, and directly to consumers at Reuters.com and via Reuters TV.  Learn more about Thomson Reuters products:"", ' All quotes delayed a minimum of 15 minutes. See here for a complete list of exchanges and delays.']",,https://en.wikipedia.org/wiki/Fidelity_European_Values,0
8,AV.L,Aviva PLC,/m/03jt5j,Life insurance company,"['St. Helens, 1 UndershaftLONDON \xa0  \xa0 EC3P 3DQ\nP: +4420.72832000', ""Reuters, the news and media division of Thomson Reuters, is the world’s largest international multimedia news provider reaching more than one billion people every day. Reuters provides trusted business, financial, national, and international news to professionals via Thomson Reuters desktops, the world's media organizations, and directly to consumers at Reuters.com and via Reuters TV.  Learn more about Thomson Reuters products:"", ' All quotes delayed a minimum of 15 minutes. See here for a complete list of exchanges and delays.']",http://www.aviva.com/,https://en.wikipedia.org/wiki/Aviva,0
9,BAES.L,BAE Systems PLC,/m/01cf6w,Aerospace company,"['Stirling Square, 6 Carlton GardeLONDON \xa0  \xa0 SW1Y 5AD\nP: +441252.383857F: +441252.383991', ""Reuters, the news and media division of Thomson Reuters, is the world’s largest international multimedia news provider reaching more than one billion people every day. Reuters provides trusted business, financial, national, and international news to professionals via Thomson Reuters desktops, the world's media organizations, and directly to consumers at Reuters.com and via Reuters TV.  Learn more about Thomson Reuters products:"", ' All quotes delayed a minimum of 15 minutes. See here for a complete list of exchanges and delays.']",http://www.baesystems.com/,https://en.wikipedia.org/wiki/BAE_Systems,0
10,BARC.L,Barclays PLC,/m/05t8c5,Financial services company,"['Canary Wharf, 1 Churchill PlaceLONDON \xa0  \xa0 E14 5HP\nP: +4420.31340952F: +4420.71167665', ""Reuters, the news and media division of Thomson Reuters, is the world’s largest international multimedia news provider reaching more than one billion people every day. Reuters provides trusted business, financial, national, and international news to professionals via Thomson Reuters desktops, the world's media organizations, and directly to consumers at Reuters.com and via Reuters TV.  Learn more about Thomson Reuters products:"", ' All quotes delayed a minimum of 15 minutes. See here for a complete list of exchanges and delays.']",https://www.home.barclays/,https://en.wikipedia.org/wiki/Barclays,0
11,BDEV.L,Barratt Developments PLC,/m/08z7ky,Company,"['Barratt HouseCartwright Way, Forest Business COALVILLE \xa0  \xa0 LE67 1UF\nP: +441530.278278F: +441530.278279', ""Reuters, the news and media division of Thomson Reuters, is the world’s largest international multimedia news provider reaching more than one billion people every day. Reuters provides trusted business, financial, national, and international news to professionals via Thomson Reuters desktops, the world's media organizations, and directly to consumers at Reuters.com and via Reuters TV.  Learn more about Thomson Reuters products:"", ' All quotes delayed a minimum of 15 minutes. See here for a complete list of exchanges and delays.']",,https://en.wikipedia.org/wiki/Wilson_Bowden,0
12,BKGH.L,Berkeley Group Holdings PLC,/m/08x10q,Property developer,"['Berkeley House, 19 Portsmouth RoCOBHAM \xa0  \xa0 KT11 1JG\nP: +441932.868555F: +441932.868667', ""Reuters, the news and media division of Thomson Reuters, is the world’s largest international multimedia news provider reaching more than one billion people every day. Reuters provides trusted business, financial, national, and international news to professionals via Thomson Reuters desktops, the world's media organizations, and directly to consumers at Reuters.com and via Reuters TV.  Learn more about Thomson Reuters products:"", ' All quotes delayed a minimum of 15 minutes. See here for a complete list of exchanges and delays.']",,https://en.wikipedia.org/wiki/Berkeley_Group_Holdings,0
13,BKGH.L,Berkeley Group Holdings PLC,/m/08x10q,Property developer,"['Berkeley House, 19 Portsmouth RoCOBHAM \xa0  \xa0 KT11 1JG\nP: +441932.868555F: +441932.868667', ""Reuters, the news and media division of Thomson Reuters, is the world’s largest international multimedia news provider reaching more than one billion people every day. Reuters provides trusted business, financial, national, and international news to professionals via Thomson Reuters desktops, the world's media organizations, and directly to consumers at Reuters.com and via Reuters TV.  Learn more about Thomson Reuters products:"", ' All quotes delayed a minimum of 15 minutes. See here for a complete list of exchanges and delays.']",,https://en.wikipedia.org/wiki/Berkeley_Group_Holdings,0
14,BP.L,BP PLC,/m/0k5b5,Oil industry company,"[""1 St. James's SquareLONDON \xa0  \xa0 SW1Y 4PD\nP: +4420.74962107F: +4420.74964630"", ""Reuters, the news and media division of Thomson Reuters, is the world’s largest international multimedia news provider reaching more than one billion people every day. Reuters provides trusted business, financial, national, and international news to professionals via Thomson Reuters desktops, the world's media organizations, and directly to consumers at Reuters.com and via Reuters TV.  Learn more about Thomson Reuters products:"", ' All quotes delayed a minimum of 15 minutes. See here for a complete list of exchanges and delays.']",http://www.bp.com,https://en.wikipedia.org/wiki/BP,0
15,BATS.L,British American Tobacco PLC,/m/01_h0d,Company,"['Globe House, 4 Temple PlaceLONDON \xa0  \xa0 WC2R 2PG\nP: +4420.78452000F: +4420.72400555', ""Reuters, the news and media division of Thomson Reuters, is the world’s largest international multimedia news provider reaching more than one billion people every day. Reuters provides trusted business, financial, national, and international news to professionals via Thomson Reuters desktops, the world's media organizations, and directly to consumers at Reuters.com and via Reuters TV.  Learn more about Thomson Reuters products:"", ' All quotes delayed a minimum of 15 minutes. See here for a complete list of exchanges and delays.']",http://www.bat.com,https://en.wikipedia.org/wiki/British_American_Tobacco,0
16,BLND.L,British Land Company PLC,/m/05vq6n,Real estate company,"['York House, 45 Seymour StreetLONDON \xa0  \xa0 W1H 7LX\nP: +4420.74864466F: +4420.79355552', ""Reuters, the news and media division of Thomson Reuters, is the world’s largest international multimedia news provider reaching more than one billion people every day. Reuters provides trusted business, financial, national, and international news to professionals via Thomson Reuters desktops, the world's media organizations, and directly to consumers at Reuters.com and via Reuters TV.  Learn more about Thomson Reuters products:"", ' All quotes delayed a minimum of 15 minutes. See here for a complete list of exchanges and delays.']",http://www.britishland.com,https://en.wikipedia.org/wiki/British_Land,0
17,BT.L,BT Group PLC,/m/01g_3,Telecommunications company,"['Bt Centre, 81 Newgate StreetLONDON \xa0  \xa0 EC1A 7AJ\nP: +4420.73565000F: +4420.73565520', ""Reuters, the news and media division of Thomson Reuters, is the world’s largest international multimedia news provider reaching more than one billion people every day. Reuters provides trusted business, financial, national, and international news to professionals via Thomson Reuters desktops, the world's media organizations, and directly to consumers at Reuters.com and via Reuters TV.  Learn more about Thomson Reuters products:"", ' All quotes delayed a minimum of 15 minutes. See here for a complete list of exchanges and delays.']",http://www.bt.com/,https://en.wikipedia.org/wiki/BT_Group,0
18,BNZL.L,Bunzl plc,/m/043l34q,Distribution company,"['York House, 45 Seymour StreetLONDON \xa0  \xa0 W1H 7JT\nP: +4420.77255000F: +4420.77255001', ""Reuters, the news and media division of Thomson Reuters, is the world’s largest international multimedia news provider reaching more than one billion people every day. Reuters provides trusted business, financial, national, and international news to professionals via Thomson Reuters desktops, the world's media organizations, and directly to consumers at Reuters.com and via Reuters TV.  Learn more about Thomson Reuters products:"", ' All quotes delayed a minimum of 15 minutes. See here for a complete list of exchanges and delays.']",http://www.bunzl.com/,https://en.wikipedia.org/wiki/Bunzl,0
19,BRBY.L,Burberry Group PLC,/m/043pph,Fashion company,"['Horseferry House, Horseferry RoaLONDON \xa0  \xa0 SW1P 2AW\nP: +4420.33673000F: +4420.79802950', ""Reuters, the news and media division of Thomson Reuters, is the world’s largest international multimedia news provider reaching more than one billion people every day. Reuters provides trusted business, financial, national, and international news to professionals via Thomson Reuters desktops, the world's media organizations, and directly to consumers at Reuters.com and via Reuters TV.  Learn more about Thomson Reuters products:"", ' All quotes delayed a minimum of 15 minutes. See here for a complete list of exchanges and delays.']",http://www.burberry.com,https://en.wikipedia.org/wiki/Burberry,0
20,CCL.L,Carnival PLC,/m/027f6g,Company,"['Carnival House, 100 Harbour ParaSOUTHAMPTON \xa0  \xa0 SO15 1ST\nP: +4423.80655000', ""Reuters, the news and media division of Thomson Reuters, is the world’s largest international multimedia news provider reaching more than one billion people every day. Reuters provides trusted business, financial, national, and international news to professionals via Thomson Reuters desktops, the world's media organizations, and directly to consumers at Reuters.com and via Reuters TV.  Learn more about Thomson Reuters products:"", ' All quotes delayed a minimum of 15 minutes. See here for a complete list of exchanges and delays.']",http://www.carnivalcorp.com,https://en.wikipedia.org/wiki/Carnival_Corporation_%26_plc,0
21,CNA.L,Centrica PLC,/m/053pz2,Company,"['Millstream, Maidenhead RoadWINDSOR \xa0  \xa0 SL4 5GD\nP: +441753.494000F: +441753.494001', ""Reuters, the news and media division of Thomson Reuters, is the world’s largest international multimedia news provider reaching more than one billion people every day. Reuters provides trusted business, financial, national, and international news to professionals via Thomson Reuters desktops, the world's media organizations, and directly to consumers at Reuters.com and via Reuters TV.  Learn more about Thomson Reuters products:"", ' All quotes delayed a minimum of 15 minutes. See here for a complete list of exchanges and delays.']",http://www.centrica.com,https://en.wikipedia.org/wiki/Centrica,0
22,CCH.L,Coca Cola HBC AG,/m/04qqjp,Company,"['Turmstrasse 26ZUG \xa0 ZUG \xa0 6300\nP: +4141.7260110', ""Reuters, the news and media division of Thomson Reuters, is the world’s largest international multimedia news provider reaching more than one billion people every day. Reuters provides trusted business, financial, national, and international news to professionals via Thomson Reuters desktops, the world's media organizations, and directly to consumers at Reuters.com and via Reuters TV.  Learn more about Thomson Reuters products:"", ' All quotes delayed a minimum of 15 minutes. See here for a complete list of exchanges and delays.']",http://www.coca-colahellenic.com/,https://en.wikipedia.org/wiki/Coca-Cola_Hellenic_Bottling_Company,0
23,CPG.L,Compass Group PLC,/m/05s08r,Foodservice company,"['Compass House, Guildford StreetCHERTSEY \xa0  \xa0 KT16 9BQ\nP: +441932.573000F: +441932.569956', ""Reuters, the news and media division of Thomson Reuters, is the world’s largest international multimedia news provider reaching more than one billion people every day. Reuters provides trusted business, financial, national, and international news to professionals via Thomson Reuters desktops, the world's media organizations, and directly to consumers at Reuters.com and via Reuters TV.  Learn more about Thomson Reuters products:"", ' All quotes delayed a minimum of 15 minutes. See here for a complete list of exchanges and delays.']",http://www.compass-group.com/,https://en.wikipedia.org/wiki/Compass_Group,0
24,CRH.L,CRH PLC,/m/03ybbg,Building material company,"['Belgard RoadDUBLIN \xa0  \xa0 22\nP: +3531.4041000F: +3531.4041007', ""Reuters, the news and media division of Thomson Reuters, is the world’s largest international multimedia news provider reaching more than one billion people every day. Reuters provides trusted business, financial, national, and international news to professionals via Thomson Reuters desktops, the world's media organizations, and directly to consumers at Reuters.com and via Reuters TV.  Learn more about Thomson Reuters products:"", ' All quotes delayed a minimum of 15 minutes. See here for a complete list of exchanges and delays.']",http://www.crh.ie/,https://en.wikipedia.org/wiki/CRH_plc,0
25,CRDA.L,Croda International PLC,/m/09107h,Company,"['Cowick HallGOOLE \xa0  \xa0 DN14 9AA\nP: +441405.860551F: +441405.861767', ""Reuters, the news and media division of Thomson Reuters, is the world’s largest international multimedia news provider reaching more than one billion people every day. Reuters provides trusted business, financial, national, and international news to professionals via Thomson Reuters desktops, the world's media organizations, and directly to consumers at Reuters.com and via Reuters TV.  Learn more about Thomson Reuters products:"", ' All quotes delayed a minimum of 15 minutes. See here for a complete list of exchanges and delays.']",http://www.croda.com/,https://en.wikipedia.org/wiki/Croda_International,0
26,DCC.L,DCC PLC,/m/03yn8c,,"['DCC HouseLeopardstown Road, Foxrock,DubliDUBLIN \xa0  \xa0 \nP: +3531.2799400F: +3531.2831017', ""Reuters, the news and media division of Thomson Reuters, is the world’s largest international multimedia news provider reaching more than one billion people every day. Reuters provides trusted business, financial, national, and international news to professionals via Thomson Reuters desktops, the world's media organizations, and directly to consumers at Reuters.com and via Reuters TV.  Learn more about Thomson Reuters products:"", ' All quotes delayed a minimum of 15 minutes. See here for a complete list of exchanges and delays.']",http://www.dcc.ie/,https://en.wikipedia.org/wiki/DCC_plc,0
27,DGE.L,Diageo PLC,/m/022cdf,Company,"['Lakeside Drive, Park RoyalLONDON \xa0  \xa0 NW10 7HQ\nP: +4420.89786000F: +4420.89788501', ""Reuters, the news and media division of Thomson Reuters, is the world’s largest international multimedia news provider reaching more than one billion people every day. Reuters provides trusted business, financial, national, and international news to professionals via Thomson Reuters desktops, the world's media organizations, and directly to consumers at Reuters.com and via Reuters TV.  Learn more about Thomson Reuters products:"", ' All quotes delayed a minimum of 15 minutes. See here for a complete list of exchanges and delays.']",,https://en.wikipedia.org/wiki/Diageo,0
28,DLGD.L,Direct Line Insurance Group PLC,/m/08lrk5,Car insurance company,"['Churchill Court, Westmoreland RoBROMLEY \xa0  \xa0 BR1 1DP\nP: +44113.2920667', ""Reuters, the news and media division of Thomson Reuters, is the world’s largest international multimedia news provider reaching more than one billion people every day. Reuters provides trusted business, financial, national, and international news to professionals via Thomson Reuters desktops, the world's media organizations, and directly to consumers at Reuters.com and via Reuters TV.  Learn more about Thomson Reuters products:"", ' All quotes delayed a minimum of 15 minutes. See here for a complete list of exchanges and delays.']",http://www.churchill.com/,https://en.wikipedia.org/wiki/Churchill_Insurance,0
29,TUIT.L,TUI AG,/m/04jvfj,Company,"[' \xa0  \xa0 \n', ""Reuters, the news and media division of Thomson Reuters, is the world’s largest international multimedia news provider reaching more than one billion people every day. Reuters provides trusted business, financial, national, and international news to professionals via Thomson Reuters desktops, the world's media organizations, and directly to consumers at Reuters.com and via Reuters TV.  Learn more about Thomson Reuters products:"", ' All quotes delayed a minimum of 15 minutes. See here for a complete list of exchanges and delays.']",,https://en.wikipedia.org/wiki/TUI_Group,0
30,SMDS.L,DS Smith PLC,/m/04cv3dk,,"['7th Fl, Regents Place, 350 EustoLONDON \xa0  \xa0 NW1 3AX\nP: +4420.77561800', ""Reuters, the news and media division of Thomson Reuters, is the world’s largest international multimedia news provider reaching more than one billion people every day. Reuters provides trusted business, financial, national, and international news to professionals via Thomson Reuters desktops, the world's media organizations, and directly to consumers at Reuters.com and via Reuters TV.  Learn more about Thomson Reuters products:"", ' All quotes delayed a minimum of 15 minutes. See here for a complete list of exchanges and delays.']",,https://en.wikipedia.org/wiki/DS_Smith,0
31,EZJ.L,Easyjet PLC,/m/018mxj,Airline,"['Hangar 89, London Luton AirportLUTON \xa0  \xa0 LU2 9PA\nP: +441582.525252', ""Reuters, the news and media division of Thomson Reuters, is the world’s largest international multimedia news provider reaching more than one billion people every day. Reuters provides trusted business, financial, national, and international news to professionals via Thomson Reuters desktops, the world's media organizations, and directly to consumers at Reuters.com and via Reuters TV.  Learn more about Thomson Reuters products:"", ' All quotes delayed a minimum of 15 minutes. See here for a complete list of exchanges and delays.']",http://www.easyjet.com/,https://en.wikipedia.org/wiki/EasyJet,0
32,EVRE.L,EVRAZ plc,/m/0cqs66,Mining company,"['str. Belovezhskaya, 4, Block BMOSCOW \xa0  \xa0 121353\nP: +7495.3631963', ""Reuters, the news and media division of Thomson Reuters, is the world’s largest international multimedia news provider reaching more than one billion people every day. Reuters provides trusted business, financial, national, and international news to professionals via Thomson Reuters desktops, the world's media organizations, and directly to consumers at Reuters.com and via Reuters TV.  Learn more about Thomson Reuters products:"", ' All quotes delayed a minimum of 15 minutes. See here for a complete list of exchanges and delays.']",http://www.evraz.com/,https://en.wikipedia.org/wiki/Evraz,0
33,EXPN.L,Experian PLC,/m/02npb0,Business services company,"['Newenham HouseNorthern Cross, Malahide Road,DuDUBLIN \xa0  \xa0 D17 AY61\nP: +3531.8469100F: +3531.8469150', ""Reuters, the news and media division of Thomson Reuters, is the world’s largest international multimedia news provider reaching more than one billion people every day. Reuters provides trusted business, financial, national, and international news to professionals via Thomson Reuters desktops, the world's media organizations, and directly to consumers at Reuters.com and via Reuters TV.  Learn more about Thomson Reuters products:"", ' All quotes delayed a minimum of 15 minutes. See here for a complete list of exchanges and delays.']",http://www.experianplc.com/,https://en.wikipedia.org/wiki/Experian,0
34,FERG.L,Ferguson PLC,/m/041crb,Company,"['1020 Eskdale RoadWOKINGHAM \xa0  \xa0 RG41 5TS\n', ""Reuters, the news and media division of Thomson Reuters, is the world’s largest international multimedia news provider reaching more than one billion people every day. Reuters provides trusted business, financial, national, and international news to professionals via Thomson Reuters desktops, the world's media organizations, and directly to consumers at Reuters.com and via Reuters TV.  Learn more about Thomson Reuters products:"", ' All quotes delayed a minimum of 15 minutes. See here for a complete list of exchanges and delays.']",http://www.wolseley.com/,https://en.wikipedia.org/wiki/Ferguson_plc,0
35,FRES.L,Fresnillo PLC,/m/04n6p3l,Mining company,"['Calzada LegariaNo. 549, Torre 2, Colonia 10 de MEXICO, D.F. \xa0  \xa0 11250\nP: +5255.52793000', ""Reuters, the news and media division of Thomson Reuters, is the world’s largest international multimedia news provider reaching more than one billion people every day. Reuters provides trusted business, financial, national, and international news to professionals via Thomson Reuters desktops, the world's media organizations, and directly to consumers at Reuters.com and via Reuters TV.  Learn more about Thomson Reuters products:"", ' All quotes delayed a minimum of 15 minutes. See here for a complete list of exchanges and delays.']",http://www.fresnilloplc.com/,https://en.wikipedia.org/wiki/Fresnillo_plc,0
36,GSK.L,GlaxoSmithKline PLC,/m/01bbm7,Pharmaceutical company,"['980 Great West RoadBRENTFORD \xa0  \xa0 TW8 9GS\nP: +4420.80475000F: +4420.80477807', ""Reuters, the news and media division of Thomson Reuters, is the world’s largest international multimedia news provider reaching more than one billion people every day. Reuters provides trusted business, financial, national, and international news to professionals via Thomson Reuters desktops, the world's media organizations, and directly to consumers at Reuters.com and via Reuters TV.  Learn more about Thomson Reuters products:"", ' All quotes delayed a minimum of 15 minutes. See here for a complete list of exchanges and delays.']",http://www.gsk.com,https://en.wikipedia.org/wiki/GlaxoSmithKline,0
37,GLEN.L,Glencore PLC,/m/0kqpq9,Commodity company,"['Baarermattstrasse 3BAAR \xa0 ZUG \xa0 6340\nP: +4141.7092000F: +4141.7093000', ""Reuters, the news and media division of Thomson Reuters, is the world’s largest international multimedia news provider reaching more than one billion people every day. Reuters provides trusted business, financial, national, and international news to professionals via Thomson Reuters desktops, the world's media organizations, and directly to consumers at Reuters.com and via Reuters TV.  Learn more about Thomson Reuters products:"", ' All quotes delayed a minimum of 15 minutes. See here for a complete list of exchanges and delays.']",http://www.glencore.com,https://en.wikipedia.org/wiki/Glencore,0
38,HLMA.L,Halma PLC,/m/03wbfd7,Technology company,"['Misbourne Court, Rectory WayAMERSHAM \xa0  \xa0 HP7 0DE\nP: +441494.721111F: +441494.728032', ""Reuters, the news and media division of Thomson Reuters, is the world’s largest international multimedia news provider reaching more than one billion people every day. Reuters provides trusted business, financial, national, and international news to professionals via Thomson Reuters desktops, the world's media organizations, and directly to consumers at Reuters.com and via Reuters TV.  Learn more about Thomson Reuters products:"", ' All quotes delayed a minimum of 15 minutes. See here for a complete list of exchanges and delays.']",http://www.halma.com/,https://en.wikipedia.org/wiki/Halma_plc,0
39,HRGV.L,Hargreaves Lansdown PLC,/m/0289d97,Financial services company,"['1 College Square South, Anchor RBRISTOL \xa0  \xa0 BS1 5HL\nP: +44117.9009000', ""Reuters, the news and media division of Thomson Reuters, is the world’s largest international multimedia news provider reaching more than one billion people every day. Reuters provides trusted business, financial, national, and international news to professionals via Thomson Reuters desktops, the world's media organizations, and directly to consumers at Reuters.com and via Reuters TV.  Learn more about Thomson Reuters products:"", ' All quotes delayed a minimum of 15 minutes. See here for a complete list of exchanges and delays.']",http://www.hl.co.uk/,https://en.wikipedia.org/wiki/Hargreaves_Lansdown,0
40,HIK.L,Hikma Pharmaceuticals PLC,/m/0gchr6,Pharmaceutical company,"['1 New Burlington PlaceLONDON \xa0  \xa0 W1S 2HR\nP: +4420.73992760F: +4420.73992761', ""Reuters, the news and media division of Thomson Reuters, is the world’s largest international multimedia news provider reaching more than one billion people every day. Reuters provides trusted business, financial, national, and international news to professionals via Thomson Reuters desktops, the world's media organizations, and directly to consumers at Reuters.com and via Reuters TV.  Learn more about Thomson Reuters products:"", ' All quotes delayed a minimum of 15 minutes. See here for a complete list of exchanges and delays.']",http://www.hikma.com/,https://en.wikipedia.org/wiki/Hikma_Pharmaceuticals,0
41,HSX.L,Hiscox Ltd,/m/0478vz9,Insurance company,"['4th Floor, Wessex House, 45 ReidHAMILTON \xa0  \xa0 HM 12\nP: +1441.2788300F: +1441.2788301', ""Reuters, the news and media division of Thomson Reuters, is the world’s largest international multimedia news provider reaching more than one billion people every day. Reuters provides trusted business, financial, national, and international news to professionals via Thomson Reuters desktops, the world's media organizations, and directly to consumers at Reuters.com and via Reuters TV.  Learn more about Thomson Reuters products:"", ' All quotes delayed a minimum of 15 minutes. See here for a complete list of exchanges and delays.']",http://www.hiscox.com/,https://en.wikipedia.org/wiki/Hiscox,0
42,HSBA.L,HSBC Holdings PLC,/m/01vq1f,Financial services company,"['8 Canada SquareLONDON \xa0  \xa0 E14 5HQ\nP: +4420.79912652F: +4420.79924880', ""Reuters, the news and media division of Thomson Reuters, is the world’s largest international multimedia news provider reaching more than one billion people every day. Reuters provides trusted business, financial, national, and international news to professionals via Thomson Reuters desktops, the world's media organizations, and directly to consumers at Reuters.com and via Reuters TV.  Learn more about Thomson Reuters products:"", ' All quotes delayed a minimum of 15 minutes. See here for a complete list of exchanges and delays.']",http://www.hsbc.com/,https://en.wikipedia.org/wiki/HSBC,0
43,IMB.L,Imperial Brands PLC,/m/03p2d74,Tobacco company,"['121 Winterstoke RoadBRISTOL \xa0  \xa0 BS3 2LL\nP: +44117.9636636F: +44117.9337422', ""Reuters, the news and media division of Thomson Reuters, is the world’s largest international multimedia news provider reaching more than one billion people every day. Reuters provides trusted business, financial, national, and international news to professionals via Thomson Reuters desktops, the world's media organizations, and directly to consumers at Reuters.com and via Reuters TV.  Learn more about Thomson Reuters products:"", ' All quotes delayed a minimum of 15 minutes. See here for a complete list of exchanges and delays.']",,https://en.wikipedia.org/wiki/Imperial_Brands,0
44,INF.L,Informa PLC,/m/0gy3q4,Publishing company,"['5 Howick PlaceLONDON \xa0  \xa0 SW1P 1WG\nP: +4420.70175000', ""Reuters, the news and media division of Thomson Reuters, is the world’s largest international multimedia news provider reaching more than one billion people every day. Reuters provides trusted business, financial, national, and international news to professionals via Thomson Reuters desktops, the world's media organizations, and directly to consumers at Reuters.com and via Reuters TV.  Learn more about Thomson Reuters products:"", ' All quotes delayed a minimum of 15 minutes. See here for a complete list of exchanges and delays.']",http://www.informa.com/,https://en.wikipedia.org/wiki/Informa,0
45,IHG.L,InterContinental Hotels Group PLC,/m/0496hl,Company,"['Broadwater ParkDENHAM \xa0  \xa0 UB9 5HR\nP: +441895.512000F: +441895.512101', ""Reuters, the news and media division of Thomson Reuters, is the world’s largest international multimedia news provider reaching more than one billion people every day. Reuters provides trusted business, financial, national, and international news to professionals via Thomson Reuters desktops, the world's media organizations, and directly to consumers at Reuters.com and via Reuters TV.  Learn more about Thomson Reuters products:"", ' All quotes delayed a minimum of 15 minutes. See here for a complete list of exchanges and delays.']",http://www.ihgplc.com/,https://en.wikipedia.org/wiki/InterContinental_Hotels_Group,0
46,IHG.L,InterContinental Hotels Group PLC,/m/0496hl,Company,"['Broadwater ParkDENHAM \xa0  \xa0 UB9 5HR\nP: +441895.512000F: +441895.512101', ""Reuters, the news and media division of Thomson Reuters, is the world’s largest international multimedia news provider reaching more than one billion people every day. Reuters provides trusted business, financial, national, and international news to professionals via Thomson Reuters desktops, the world's media organizations, and directly to consumers at Reuters.com and via Reuters TV.  Learn more about Thomson Reuters products:"", ' All quotes delayed a minimum of 15 minutes. See here for a complete list of exchanges and delays.']",http://www.ihgplc.com/,https://en.wikipedia.org/wiki/InterContinental_Hotels_Group,0
47,ITRK.L,Intertek Group PLC,/m/0d9qb_,Company,"['33 Cavendish SquareLONDON \xa0 NY \xa0 W1G 0PS\nP: +4420.73963400F: +4420.73963480', ""Reuters, the news and media division of Thomson Reuters, is the world’s largest international multimedia news provider reaching more than one billion people every day. Reuters provides trusted business, financial, national, and international news to professionals via Thomson Reuters desktops, the world's media organizations, and directly to consumers at Reuters.com and via Reuters TV.  Learn more about Thomson Reuters products:"", ' All quotes delayed a minimum of 15 minutes. See here for a complete list of exchanges and delays.']",http://www.intertek.com/,https://en.wikipedia.org/wiki/Intertek,0
48,ITV.L,ITV PLC,/m/0fxqm,Television network,"['The London Televison CentreUpper GroundLONDON \xa0  \xa0 00000\nP: +4420.72613061F: +44207.4513026', ""Reuters, the news and media division of Thomson Reuters, is the world’s largest international multimedia news provider reaching more than one billion people every day. Reuters provides trusted business, financial, national, and international news to professionals via Thomson Reuters desktops, the world's media organizations, and directly to consumers at Reuters.com and via Reuters TV.  Learn more about Thomson Reuters products:"", ' All quotes delayed a minimum of 15 minutes. See here for a complete list of exchanges and delays.']",http://www.itv.com/,https://en.wikipedia.org/wiki/ITV_(TV_network),0
49,SBRY.L,J Sainsbury PLC,/m/016s7w,Supermarket company,"['33 HolbornLONDON \xa0  \xa0 EC1N 2HT\nP: +4420.76956000F: +4420.76957610', ""Reuters, the news and media division of Thomson Reuters, is the world’s largest international multimedia news provider reaching more than one billion people every day. Reuters provides trusted business, financial, national, and international news to professionals via Thomson Reuters desktops, the world's media organizations, and directly to consumers at Reuters.com and via Reuters TV.  Learn more about Thomson Reuters products:"", ' All quotes delayed a minimum of 15 minutes. See here for a complete list of exchanges and delays.']",http://www.j-sainsbury.co.uk,https://en.wikipedia.org/wiki/Sainsbury's,0
50,JMAT.L,Johnson Matthey PLC,/m/06hdhg,Chemicals company,"['5th Fl, 25 Farringdon StreetLONDON \xa0  \xa0 EC4A 4AB\nP: +4420.72698400F: +4420.72698433', ""Reuters, the news and media division of Thomson Reuters, is the world’s largest international multimedia news provider reaching more than one billion people every day. Reuters provides trusted business, financial, national, and international news to professionals via Thomson Reuters desktops, the world's media organizations, and directly to consumers at Reuters.com and via Reuters TV.  Learn more about Thomson Reuters products:"", ' All quotes delayed a minimum of 15 minutes. See here for a complete list of exchanges and delays.']",http://www.matthey.com/,https://en.wikipedia.org/wiki/Johnson_Matthey,0
51,JE.L,Just Eat PLC,/g/11c5511dg7,Online food ordering company,"['Fleet Place House, 2 Fleet PlaceLONDON \xa0  \xa0 EC4M 7RF\nP: +4420.31143333', ""Reuters, the news and media division of Thomson Reuters, is the world’s largest international multimedia news provider reaching more than one billion people every day. Reuters provides trusted business, financial, national, and international news to professionals via Thomson Reuters desktops, the world's media organizations, and directly to consumers at Reuters.com and via Reuters TV.  Learn more about Thomson Reuters products:"", ' All quotes delayed a minimum of 15 minutes. See here for a complete list of exchanges and delays.']",http://www.just-eat.com,https://en.wikipedia.org/wiki/Just_Eat,0
52,KGF.L,Kingfisher PLC,/m/01nzd1,Retail company,"['3 Sheldon SquareLONDON \xa0  \xa0 W2 6PX\nP: +4420.73728008F: +4420.76441001', ""Reuters, the news and media division of Thomson Reuters, is the world’s largest international multimedia news provider reaching more than one billion people every day. Reuters provides trusted business, financial, national, and international news to professionals via Thomson Reuters desktops, the world's media organizations, and directly to consumers at Reuters.com and via Reuters TV.  Learn more about Thomson Reuters products:"", ' All quotes delayed a minimum of 15 minutes. See here for a complete list of exchanges and delays.']",http://www.kingfisher.co.uk/,https://en.wikipedia.org/wiki/Kingfisher_plc,0
53,LAND.L,Land Securities Group PLC,/m/06hk28,Property developer,"['100 Victoria StreetLONDON \xa0  \xa0 SW1E 5JL\nP: +4420.74139000F: +4420.79250202', ""Reuters, the news and media division of Thomson Reuters, is the world’s largest international multimedia news provider reaching more than one billion people every day. Reuters provides trusted business, financial, national, and international news to professionals via Thomson Reuters desktops, the world's media organizations, and directly to consumers at Reuters.com and via Reuters TV.  Learn more about Thomson Reuters products:"", ' All quotes delayed a minimum of 15 minutes. See here for a complete list of exchanges and delays.']",http://www.landsecurities.com/,https://en.wikipedia.org/wiki/Landsec,0
54,LGEN.L,Legal & General Group PLC,/m/035cd4,Financial services company,"['1 Coleman StreetLONDON \xa0  \xa0 EC2R 5AA\nP: +4420.31243000F: +4420.31242500', ""Reuters, the news and media division of Thomson Reuters, is the world’s largest international multimedia news provider reaching more than one billion people every day. Reuters provides trusted business, financial, national, and international news to professionals via Thomson Reuters desktops, the world's media organizations, and directly to consumers at Reuters.com and via Reuters TV.  Learn more about Thomson Reuters products:"", ' All quotes delayed a minimum of 15 minutes. See here for a complete list of exchanges and delays.']",http://www.legalandgeneralgroup.com,https://en.wikipedia.org/wiki/Legal_%26_General,0
55,LLOY.L,Lloyds Banking Group PLC,/m/05c1rb4,Retail banking company,"['25 Gresham StreetLONDON \xa0  \xa0 EC2V 7HN\nP: +4420.76261500', ""Reuters, the news and media division of Thomson Reuters, is the world’s largest international multimedia news provider reaching more than one billion people every day. Reuters provides trusted business, financial, national, and international news to professionals via Thomson Reuters desktops, the world's media organizations, and directly to consumers at Reuters.com and via Reuters TV.  Learn more about Thomson Reuters products:"", ' All quotes delayed a minimum of 15 minutes. See here for a complete list of exchanges and delays.']",http://www.lloydsbankinggroup.com/,https://en.wikipedia.org/wiki/Lloyds_Banking_Group,0
56,LSE.L,London Stock Exchange Group PLC,/m/03c7yyx,Company,"['10 Paternoster SquareLONDON \xa0  \xa0 EC4M 7LS\nP: +4420.77971000', ""Reuters, the news and media division of Thomson Reuters, is the world’s largest international multimedia news provider reaching more than one billion people every day. Reuters provides trusted business, financial, national, and international news to professionals via Thomson Reuters desktops, the world's media organizations, and directly to consumers at Reuters.com and via Reuters TV.  Learn more about Thomson Reuters products:"", ' All quotes delayed a minimum of 15 minutes. See here for a complete list of exchanges and delays.']",http://www.londonstockexchange.com/,https://en.wikipedia.org/wiki/London_Stock_Exchange_Group,0
57,MKS.L,Marks and Spencer Group PLC,/m/0146qg,Retail company,"['Waterside House, 35 North Wharf LONDON \xa0  \xa0 W2 1NW\nP: +4420.79354422F: +4420.74872679', ""Reuters, the news and media division of Thomson Reuters, is the world’s largest international multimedia news provider reaching more than one billion people every day. Reuters provides trusted business, financial, national, and international news to professionals via Thomson Reuters desktops, the world's media organizations, and directly to consumers at Reuters.com and via Reuters TV.  Learn more about Thomson Reuters products:"", ' All quotes delayed a minimum of 15 minutes. See here for a complete list of exchanges and delays.']",http://www.marksandspencer.com,https://en.wikipedia.org/wiki/Marks_%26_Spencer,0
58,MCRO.L,Micro Focus International PLC,/m/047q294,Software company,"['22-30 Old Bath RoadNEWBURY \xa0  \xa0 RG14 1QN\nP: +441635.565200F: +441635.33966', ""Reuters, the news and media division of Thomson Reuters, is the world’s largest international multimedia news provider reaching more than one billion people every day. Reuters provides trusted business, financial, national, and international news to professionals via Thomson Reuters desktops, the world's media organizations, and directly to consumers at Reuters.com and via Reuters TV.  Learn more about Thomson Reuters products:"", ' All quotes delayed a minimum of 15 minutes. See here for a complete list of exchanges and delays.']",http://www.microfocus.com/,https://en.wikipedia.org/wiki/Micro_Focus,0
59,MCRO.L,Micro Focus International PLC,/m/047q294,Software company,"['22-30 Old Bath RoadNEWBURY \xa0  \xa0 RG14 1QN\nP: +441635.565200F: +441635.33966', ""Reuters, the news and media division of Thomson Reuters, is the world’s largest international multimedia news provider reaching more than one billion people every day. Reuters provides trusted business, financial, national, and international news to professionals via Thomson Reuters desktops, the world's media organizations, and directly to consumers at Reuters.com and via Reuters TV.  Learn more about Thomson Reuters products:"", ' All quotes delayed a minimum of 15 minutes. See here for a complete list of exchanges and delays.']",http://www.microfocus.com/,https://en.wikipedia.org/wiki/Micro_Focus,0
60,NG.L,National Grid PLC,/m/07vpy2,Utilities company,"['1-3 StrandLONDON \xa0  \xa0 WC2N 5EH\nP: +4420.70043220F: +4420.70043004', ""Reuters, the news and media division of Thomson Reuters, is the world’s largest international multimedia news provider reaching more than one billion people every day. Reuters provides trusted business, financial, national, and international news to professionals via Thomson Reuters desktops, the world's media organizations, and directly to consumers at Reuters.com and via Reuters TV.  Learn more about Thomson Reuters products:"", ' All quotes delayed a minimum of 15 minutes. See here for a complete list of exchanges and delays.']",http://www.nationalgrid.com,https://en.wikipedia.org/wiki/National_Grid_plc,0
61,MRON.L,Melrose Industries PLC,/m/04cw5fp,Company,"['Leconfield House, Curzon StreetLONDON \xa0  \xa0 W1J 5JA\nP: +4420.76474500', ""Reuters, the news and media division of Thomson Reuters, is the world’s largest international multimedia news provider reaching more than one billion people every day. Reuters provides trusted business, financial, national, and international news to professionals via Thomson Reuters desktops, the world's media organizations, and directly to consumers at Reuters.com and via Reuters TV.  Learn more about Thomson Reuters products:"", ' All quotes delayed a minimum of 15 minutes. See here for a complete list of exchanges and delays.']",http://www.melroseplc.net/,https://en.wikipedia.org/wiki/Melrose_Industries,0
62,NXT.L,Next PLC,/m/035qrr,Clothing company,"['Desford RoadLEICESTER \xa0  \xa0 LE19 4AT\nP: +44333.7778245F: +44116.2848998', ""Reuters, the news and media division of Thomson Reuters, is the world’s largest international multimedia news provider reaching more than one billion people every day. Reuters provides trusted business, financial, national, and international news to professionals via Thomson Reuters desktops, the world's media organizations, and directly to consumers at Reuters.com and via Reuters TV.  Learn more about Thomson Reuters products:"", ' All quotes delayed a minimum of 15 minutes. See here for a complete list of exchanges and delays.']",http://www.next.co.uk/,https://en.wikipedia.org/wiki/Next_plc,0
63,NMC.L,NMC Health PLC,/m/0gy3q4,Publishing company,"['Level 1Devonshire House, 1 Mayfair PlacLONDON \xa0  \xa0 W1J 8AJ\n', ""Reuters, the news and media division of Thomson Reuters, is the world’s largest international multimedia news provider reaching more than one billion people every day. Reuters provides trusted business, financial, national, and international news to professionals via Thomson Reuters desktops, the world's media organizations, and directly to consumers at Reuters.com and via Reuters TV.  Learn more about Thomson Reuters products:"", ' All quotes delayed a minimum of 15 minutes. See here for a complete list of exchanges and delays.']",http://www.informa.com/,https://en.wikipedia.org/wiki/Informa,0
64,NMC.L,NMC Health PLC,/m/0gy3q4,Publishing company,"['Level 1Devonshire House, 1 Mayfair PlacLONDON \xa0  \xa0 W1J 8AJ\n', ""Reuters, the news and media division of Thomson Reuters, is the world’s largest international multimedia news provider reaching more than one billion people every day. Reuters provides trusted business, financial, national, and international news to professionals via Thomson Reuters desktops, the world's media organizations, and directly to consumers at Reuters.com and via Reuters TV.  Learn more about Thomson Reuters products:"", ' All quotes delayed a minimum of 15 minutes. See here for a complete list of exchanges and delays.']",http://www.informa.com/,https://en.wikipedia.org/wiki/Informa,0
65,FLTRF.L,Flutter Entertainment PLC,/m/03p39x1,Retail company,"[' \xa0  \xa0 \n', ""Reuters, the news and media division of Thomson Reuters, is the world’s largest international multimedia news provider reaching more than one billion people every day. Reuters provides trusted business, financial, national, and international news to professionals via Thomson Reuters desktops, the world's media organizations, and directly to consumers at Reuters.com and via Reuters TV.  Learn more about Thomson Reuters products:"", ' All quotes delayed a minimum of 15 minutes. See here for a complete list of exchanges and delays.']",,https://en.wikipedia.org/wiki/Tesco,0
66,PSON.L,Pearson PLC,/m/03tpjp,Publishing company,"['80 StrandLONDON \xa0  \xa0 WC2R 0RL\nP: +4420.70102000F: +4420.70106060', ""Reuters, the news and media division of Thomson Reuters, is the world’s largest international multimedia news provider reaching more than one billion people every day. Reuters provides trusted business, financial, national, and international news to professionals via Thomson Reuters desktops, the world's media organizations, and directly to consumers at Reuters.com and via Reuters TV.  Learn more about Thomson Reuters products:"", ' All quotes delayed a minimum of 15 minutes. See here for a complete list of exchanges and delays.']",http://www.pearson.com,https://en.wikipedia.org/wiki/Pearson_plc,0
67,PSN.L,Persimmon PLC,/m/08vd7l,Company,"['Persimmon HouseFULFORD \xa0  \xa0 YO19 4FE\nP: +441904.642199F: +441904.610014', ""Reuters, the news and media division of Thomson Reuters, is the world’s largest international multimedia news provider reaching more than one billion people every day. Reuters provides trusted business, financial, national, and international news to professionals via Thomson Reuters desktops, the world's media organizations, and directly to consumers at Reuters.com and via Reuters TV.  Learn more about Thomson Reuters products:"", ' All quotes delayed a minimum of 15 minutes. See here for a complete list of exchanges and delays.']",http://www.persimmonhomes.com/,https://en.wikipedia.org/wiki/Persimmon_plc,0
68,PSN.L,Persimmon PLC,/m/08vd7l,Company,"['Persimmon HouseFULFORD \xa0  \xa0 YO19 4FE\nP: +441904.642199F: +441904.610014', ""Reuters, the news and media division of Thomson Reuters, is the world’s largest international multimedia news provider reaching more than one billion people every day. Reuters provides trusted business, financial, national, and international news to professionals via Thomson Reuters desktops, the world's media organizations, and directly to consumers at Reuters.com and via Reuters TV.  Learn more about Thomson Reuters products:"", ' All quotes delayed a minimum of 15 minutes. See here for a complete list of exchanges and delays.']",http://www.persimmonhomes.com/,https://en.wikipedia.org/wiki/Persimmon_plc,0
69,PRU.L,Prudential PLC,/m/041dft,Financial services company,"['1 Angel CourtLONDON \xa0  \xa0 EC2R 7AG\nP: +4420.75483737F: +4420.75483725', ""Reuters, the news and media division of Thomson Reuters, is the world’s largest international multimedia news provider reaching more than one billion people every day. Reuters provides trusted business, financial, national, and international news to professionals via Thomson Reuters desktops, the world's media organizations, and directly to consumers at Reuters.com and via Reuters TV.  Learn more about Thomson Reuters products:"", ' All quotes delayed a minimum of 15 minutes. See here for a complete list of exchanges and delays.']",http://www.prudential.co.uk,https://en.wikipedia.org/wiki/Prudential_plc,0
70,RB.L,Reckitt Benckiser Group PLC,/m/06gn9j,Company,"['103-105 Bath RoadSLOUGH \xa0  \xa0 SL1 3UH\nP: +441753.217800F: +441753.217899', ""Reuters, the news and media division of Thomson Reuters, is the world’s largest international multimedia news provider reaching more than one billion people every day. Reuters provides trusted business, financial, national, and international news to professionals via Thomson Reuters desktops, the world's media organizations, and directly to consumers at Reuters.com and via Reuters TV.  Learn more about Thomson Reuters products:"", ' All quotes delayed a minimum of 15 minutes. See here for a complete list of exchanges and delays.']",http://www.reckittbenckiser.com/,https://en.wikipedia.org/wiki/Reckitt_Benckiser,0
71,REL.L,Relx PLC,/m/026dfh,Publishing company,"['Grand Buildings, 1-3 StrandLONDON \xa0  \xa0 WC2N 5JR\nP: +4420.71665500F: +4420.71665799', ""Reuters, the news and media division of Thomson Reuters, is the world’s largest international multimedia news provider reaching more than one billion people every day. Reuters provides trusted business, financial, national, and international news to professionals via Thomson Reuters desktops, the world's media organizations, and directly to consumers at Reuters.com and via Reuters TV.  Learn more about Thomson Reuters products:"", ' All quotes delayed a minimum of 15 minutes. See here for a complete list of exchanges and delays.']",,https://en.wikipedia.org/wiki/RELX,0
72,RTO.L,Rentokil Initial PLC,/m/02_tjv,,"['RiverbankMeadows Business Park, BlackwateCAMBERLEY \xa0  \xa0 GU17 9AB\nP: +441276.607444', ""Reuters, the news and media division of Thomson Reuters, is the world’s largest international multimedia news provider reaching more than one billion people every day. Reuters provides trusted business, financial, national, and international news to professionals via Thomson Reuters desktops, the world's media organizations, and directly to consumers at Reuters.com and via Reuters TV.  Learn more about Thomson Reuters products:"", ' All quotes delayed a minimum of 15 minutes. See here for a complete list of exchanges and delays.']",http://www.rentokil-initial.com/,https://en.wikipedia.org/wiki/Rentokil_Initial,0
73,RMV.L,Rightmove PLC,/m/0ctdmb,Real estate company,"['4th Fl, 33 Soho SquareLONDON \xa0  \xa0 W1D 3QU\n', ""Reuters, the news and media division of Thomson Reuters, is the world’s largest international multimedia news provider reaching more than one billion people every day. Reuters provides trusted business, financial, national, and international news to professionals via Thomson Reuters desktops, the world's media organizations, and directly to consumers at Reuters.com and via Reuters TV.  Learn more about Thomson Reuters products:"", ' All quotes delayed a minimum of 15 minutes. See here for a complete list of exchanges and delays.']",http://www.rightmove.co.uk/,https://en.wikipedia.org/wiki/Rightmove,0
74,RIO.L,Rio Tinto PLC,/m/045sbm,Mining company,"[""6 St. James's SquareLONDON \xa0  \xa0 SW1Y 4AD\nP: +4420.77811623F: +4420.77811800"", ""Reuters, the news and media division of Thomson Reuters, is the world’s largest international multimedia news provider reaching more than one billion people every day. Reuters provides trusted business, financial, national, and international news to professionals via Thomson Reuters desktops, the world's media organizations, and directly to consumers at Reuters.com and via Reuters TV.  Learn more about Thomson Reuters products:"", ' All quotes delayed a minimum of 15 minutes. See here for a complete list of exchanges and delays.']",http://www.riotinto.com,https://en.wikipedia.org/wiki/Rio_Tinto_(corporation),0
75,RR.L,Rolls-Royce Holdings PLC,/m/0286m5,Energy company,"['10 Moor LaneDERBY \xa0  \xa0 DE72 2AG\nP: +4420.72229020F: +4420.72279170', ""Reuters, the news and media division of Thomson Reuters, is the world’s largest international multimedia news provider reaching more than one billion people every day. Reuters provides trusted business, financial, national, and international news to professionals via Thomson Reuters desktops, the world's media organizations, and directly to consumers at Reuters.com and via Reuters TV.  Learn more about Thomson Reuters products:"", ' All quotes delayed a minimum of 15 minutes. See here for a complete list of exchanges and delays.']",http://www.rolls-royce.com,https://en.wikipedia.org/wiki/Rolls-Royce_Holdings,0
76,RBS.L,Royal Bank of Scotland Group PLC,/m/027_ryf,Retail banking company,"['Gogarburn,PO Box 1000EDINBURGH \xa0  \xa0 EH12 1HQ\nP: +44131.5568555F: +44131.5576140', ""Reuters, the news and media division of Thomson Reuters, is the world’s largest international multimedia news provider reaching more than one billion people every day. Reuters provides trusted business, financial, national, and international news to professionals via Thomson Reuters desktops, the world's media organizations, and directly to consumers at Reuters.com and via Reuters TV.  Learn more about Thomson Reuters products:"", ' All quotes delayed a minimum of 15 minutes. See here for a complete list of exchanges and delays.']",http://www.rbs.co.uk/,https://en.wikipedia.org/wiki/Royal_Bank_of_Scotland,0
77,RDSa.L,Royal Dutch Shell PLC,/m/0g5vy,Oil industry company,"[""Carel van Bylandtlaan 30'S-GRAVENHAGE \xa0  \xa0 2596 HR\nP: +3170.3779111"", ""Reuters, the news and media division of Thomson Reuters, is the world’s largest international multimedia news provider reaching more than one billion people every day. Reuters provides trusted business, financial, national, and international news to professionals via Thomson Reuters desktops, the world's media organizations, and directly to consumers at Reuters.com and via Reuters TV.  Learn more about Thomson Reuters products:"", ' All quotes delayed a minimum of 15 minutes. See here for a complete list of exchanges and delays.']",http://www.shell.com,https://en.wikipedia.org/wiki/Royal_Dutch_Shell,0
78,RDSb.L,Royal Dutch Shell PLC,/m/0g5vy,Oil industry company,"[' \xa0  \xa0 \n', ""Reuters, the news and media division of Thomson Reuters, is the world’s largest international multimedia news provider reaching more than one billion people every day. Reuters provides trusted business, financial, national, and international news to professionals via Thomson Reuters desktops, the world's media organizations, and directly to consumers at Reuters.com and via Reuters TV.  Learn more about Thomson Reuters products:"", ' All quotes delayed a minimum of 15 minutes. See here for a complete list of exchanges and delays.']",http://www.shell.com,https://en.wikipedia.org/wiki/Royal_Dutch_Shell,0
79,RSA.L,RSA Insurance Group PLC,/m/07pmbm,Insurance company,"['30 BerkeleysquareLONDON \xa0  \xa0 00000\nP: +441403.232323', ""Reuters, the news and media division of Thomson Reuters, is the world’s largest international multimedia news provider reaching more than one billion people every day. Reuters provides trusted business, financial, national, and international news to professionals via Thomson Reuters desktops, the world's media organizations, and directly to consumers at Reuters.com and via Reuters TV.  Learn more about Thomson Reuters products:"", ' All quotes delayed a minimum of 15 minutes. See here for a complete list of exchanges and delays.']",http://www.rsagroup.com/,https://en.wikipedia.org/wiki/RSA_Insurance_Group,0
80,SDR.L,Schroders PLC,/m/0663d7,Asset management company,"['1 London Wall PlaceLONDON \xa0  \xa0 EC2Y 5AU\nP: +4420.76586000F: +4420.76586965', ""Reuters, the news and media division of Thomson Reuters, is the world’s largest international multimedia news provider reaching more than one billion people every day. Reuters provides trusted business, financial, national, and international news to professionals via Thomson Reuters desktops, the world's media organizations, and directly to consumers at Reuters.com and via Reuters TV.  Learn more about Thomson Reuters products:"", ' All quotes delayed a minimum of 15 minutes. See here for a complete list of exchanges and delays.']",,https://en.wikipedia.org/wiki/Schroders,0
81,SDR.L,Schroders PLC,/m/0663d7,Asset management company,"['1 London Wall PlaceLONDON \xa0  \xa0 EC2Y 5AU\nP: +4420.76586000F: +4420.76586965', ""Reuters, the news and media division of Thomson Reuters, is the world’s largest international multimedia news provider reaching more than one billion people every day. Reuters provides trusted business, financial, national, and international news to professionals via Thomson Reuters desktops, the world's media organizations, and directly to consumers at Reuters.com and via Reuters TV.  Learn more about Thomson Reuters products:"", ' All quotes delayed a minimum of 15 minutes. See here for a complete list of exchanges and delays.']",,https://en.wikipedia.org/wiki/Schroders,0
82,SGRO.L,SEGRO PLC,/m/0h10lw,Company,"['Cunard HSE, 15 Regent StreetLONDON \xa0  \xa0 SW1Y 4LR\nP: +4420.74519100F: +4420.74519150', ""Reuters, the news and media division of Thomson Reuters, is the world’s largest international multimedia news provider reaching more than one billion people every day. Reuters provides trusted business, financial, national, and international news to professionals via Thomson Reuters desktops, the world's media organizations, and directly to consumers at Reuters.com and via Reuters TV.  Learn more about Thomson Reuters products:"", ' All quotes delayed a minimum of 15 minutes. See here for a complete list of exchanges and delays.']",http://www.segro.com/,https://en.wikipedia.org/wiki/Segro,0
83,SVT.L,Severn Trent PLC,/m/0292y8,Water services company,"['2 St. Johns StreetCOVENTRY \xa0  \xa0 CV1 2LZ\nP: +4424.77715000', ""Reuters, the news and media division of Thomson Reuters, is the world’s largest international multimedia news provider reaching more than one billion people every day. Reuters provides trusted business, financial, national, and international news to professionals via Thomson Reuters desktops, the world's media organizations, and directly to consumers at Reuters.com and via Reuters TV.  Learn more about Thomson Reuters products:"", ' All quotes delayed a minimum of 15 minutes. See here for a complete list of exchanges and delays.']",http://www.severntrent.com/,https://en.wikipedia.org/wiki/Severn_Trent,0
84,SN.L,Smith & Nephew PLC,/m/0821xj,Manufacturing company,"['Building 5, Croxley Park, HatterWATFORD \xa0  \xa0 WD18 8YE\nP: +4420.74017646F: +4420.79303353', ""Reuters, the news and media division of Thomson Reuters, is the world’s largest international multimedia news provider reaching more than one billion people every day. Reuters provides trusted business, financial, national, and international news to professionals via Thomson Reuters desktops, the world's media organizations, and directly to consumers at Reuters.com and via Reuters TV.  Learn more about Thomson Reuters products:"", ' All quotes delayed a minimum of 15 minutes. See here for a complete list of exchanges and delays.']",http://www.smith-nephew.com/,https://en.wikipedia.org/wiki/Smith_%26_Nephew,0
85,SMIN.L,Smiths Group PLC,/m/06zl39,Engineering company,"[""4th Fl, 11-12 St. James's SquareLONDON \xa0  \xa0 SW1Y 4LB\nP: +4420.70041600F: +4420.70041644"", ""Reuters, the news and media division of Thomson Reuters, is the world’s largest international multimedia news provider reaching more than one billion people every day. Reuters provides trusted business, financial, national, and international news to professionals via Thomson Reuters desktops, the world's media organizations, and directly to consumers at Reuters.com and via Reuters TV.  Learn more about Thomson Reuters products:"", ' All quotes delayed a minimum of 15 minutes. See here for a complete list of exchanges and delays.']",http://smiths-group.com,https://en.wikipedia.org/wiki/Smiths_Group,0
86,SKG.L,Smurfit Kappa Group PLC,/m/026t5s1,Company,"[' \xa0  \xa0 \n', ""Reuters, the news and media division of Thomson Reuters, is the world’s largest international multimedia news provider reaching more than one billion people every day. Reuters provides trusted business, financial, national, and international news to professionals via Thomson Reuters desktops, the world's media organizations, and directly to consumers at Reuters.com and via Reuters TV.  Learn more about Thomson Reuters products:"", ' All quotes delayed a minimum of 15 minutes. See here for a complete list of exchanges and delays.']",http://www.smurfitkappa.com/,https://en.wikipedia.org/wiki/Smurfit_Kappa,0
87,SPX.L,Spirax-Sarco Engineering PLC,/m/04cv543,Manufacturing company,"['Charlton HouseCHELTENHAM \xa0  \xa0 GL53 8ER\nP: +441242.521361F: +441242.581470', ""Reuters, the news and media division of Thomson Reuters, is the world’s largest international multimedia news provider reaching more than one billion people every day. Reuters provides trusted business, financial, national, and international news to professionals via Thomson Reuters desktops, the world's media organizations, and directly to consumers at Reuters.com and via Reuters TV.  Learn more about Thomson Reuters products:"", ' All quotes delayed a minimum of 15 minutes. See here for a complete list of exchanges and delays.']",,https://en.wikipedia.org/wiki/Spirax-Sarco_Engineering,0
88,SSE.L,SSE PLC,/m/026pwms,Energy company,"['Inveralmond House, 200 Dunkeld RPERTH \xa0  \xa0 PH1 3AQ\nP: +441738.456000F: +441738.457005', ""Reuters, the news and media division of Thomson Reuters, is the world’s largest international multimedia news provider reaching more than one billion people every day. Reuters provides trusted business, financial, national, and international news to professionals via Thomson Reuters desktops, the world's media organizations, and directly to consumers at Reuters.com and via Reuters TV.  Learn more about Thomson Reuters products:"", ' All quotes delayed a minimum of 15 minutes. See here for a complete list of exchanges and delays.']",http://www.sse.com,https://en.wikipedia.org/wiki/SSE_plc,0
89,SJP.L,St. James's Place PLC,/m/0jt35bw,,"[""St. James's Place House, 1 TetbuCIRENCESTER \xa0  \xa0 GL7 1FP\nP: +441285.640302F: +441285.640436"", ""Reuters, the news and media division of Thomson Reuters, is the world’s largest international multimedia news provider reaching more than one billion people every day. Reuters provides trusted business, financial, national, and international news to professionals via Thomson Reuters desktops, the world's media organizations, and directly to consumers at Reuters.com and via Reuters TV.  Learn more about Thomson Reuters products:"", ' All quotes delayed a minimum of 15 minutes. See here for a complete list of exchanges and delays.']",http://www1.sjp.co.uk/,https://en.wikipedia.org/wiki/St._James's_Place_plc,0
90,STAN.L,Standard Chartered PLC,/m/02hszk,Financial services company,"['1 Basinghall AvenueLONDON \xa0  \xa0 EC2V 5DD\nP: +4420.78858888F: +4420.78859999', ""Reuters, the news and media division of Thomson Reuters, is the world’s largest international multimedia news provider reaching more than one billion people every day. Reuters provides trusted business, financial, national, and international news to professionals via Thomson Reuters desktops, the world's media organizations, and directly to consumers at Reuters.com and via Reuters TV.  Learn more about Thomson Reuters products:"", ' All quotes delayed a minimum of 15 minutes. See here for a complete list of exchanges and delays.']",https://www.sc.com/,https://en.wikipedia.org/wiki/Standard_Chartered,0
91,SLA.L,Standard Life Aberdeen PLC,/g/120wr774,Company,"['Investment House, 1 George StreeEDINBURGH \xa0  \xa0 EH2 2LL\nP: +44131.2457999', ""Reuters, the news and media division of Thomson Reuters, is the world’s largest international multimedia news provider reaching more than one billion people every day. Reuters provides trusted business, financial, national, and international news to professionals via Thomson Reuters desktops, the world's media organizations, and directly to consumers at Reuters.com and via Reuters TV.  Learn more about Thomson Reuters products:"", ' All quotes delayed a minimum of 15 minutes. See here for a complete list of exchanges and delays.']",,https://en.wikipedia.org/wiki/Standard_Life_Aberdeen,0
92,TW.L,Taylor Wimpey PLC,/m/02qb4vx,Company,"['Gate House, Turnpike RoadHIGH WYCOMBE \xa0  \xa0 HP12 3NR\nP: +441494.558323F: +441494.885663', ""Reuters, the news and media division of Thomson Reuters, is the world’s largest international multimedia news provider reaching more than one billion people every day. Reuters provides trusted business, financial, national, and international news to professionals via Thomson Reuters desktops, the world's media organizations, and directly to consumers at Reuters.com and via Reuters TV.  Learn more about Thomson Reuters products:"", ' All quotes delayed a minimum of 15 minutes. See here for a complete list of exchanges and delays.']",https://www.taylorwimpey.co.uk/,https://en.wikipedia.org/wiki/Taylor_Wimpey,0
93,TSCO.L,Tesco PLC,/m/03p39x1,Retail company,"['Cirrus a, Shire Park, Kestrel WaWELWYN GARDEN CITY \xa0  \xa0 AL7 1GA\nP: +441992.632222', ""Reuters, the news and media division of Thomson Reuters, is the world’s largest international multimedia news provider reaching more than one billion people every day. Reuters provides trusted business, financial, national, and international news to professionals via Thomson Reuters desktops, the world's media organizations, and directly to consumers at Reuters.com and via Reuters TV.  Learn more about Thomson Reuters products:"", ' All quotes delayed a minimum of 15 minutes. See here for a complete list of exchanges and delays.']",,https://en.wikipedia.org/wiki/Tesco,0
94,SGE.L,Sage Group PLC,/m/030hnb,Software company,"['North Park AvenueNEWCASTLE UPON TYNE \xa0  \xa0 NE13 9AA\nP: +44191.2943000F: +44191.2940002', ""Reuters, the news and media division of Thomson Reuters, is the world’s largest international multimedia news provider reaching more than one billion people every day. Reuters provides trusted business, financial, national, and international news to professionals via Thomson Reuters desktops, the world's media organizations, and directly to consumers at Reuters.com and via Reuters TV.  Learn more about Thomson Reuters products:"", ' All quotes delayed a minimum of 15 minutes. See here for a complete list of exchanges and delays.']",http://www.sage.com,https://en.wikipedia.org/wiki/Sage_Group,0
95,ULVR.L,Unilever PLC,/m/01jvjf,Company,"['Unilever House, 100 Victoria EmbLONDON \xa0  \xa0 EC4Y 0DY\nP: +4420.78225252F: +4420.78225951', ""Reuters, the news and media division of Thomson Reuters, is the world’s largest international multimedia news provider reaching more than one billion people every day. Reuters provides trusted business, financial, national, and international news to professionals via Thomson Reuters desktops, the world's media organizations, and directly to consumers at Reuters.com and via Reuters TV.  Learn more about Thomson Reuters products:"", ' All quotes delayed a minimum of 15 minutes. See here for a complete list of exchanges and delays.']",http://unilever.com,https://en.wikipedia.org/wiki/Unilever,0
96,UU.L,United Utilities Group PLC,/g/120j8fhn,Company,"['Haweswater HSE, Lingley Green AvWARRINGTON \xa0  \xa0 WA5 3LP\nP: +441925.237000F: +441925.237073', ""Reuters, the news and media division of Thomson Reuters, is the world’s largest international multimedia news provider reaching more than one billion people every day. Reuters provides trusted business, financial, national, and international news to professionals via Thomson Reuters desktops, the world's media organizations, and directly to consumers at Reuters.com and via Reuters TV.  Learn more about Thomson Reuters products:"", ' All quotes delayed a minimum of 15 minutes. See here for a complete list of exchanges and delays.']",,https://en.wikipedia.org/wiki/United_Utilities,0
97,VOD.L,Vodafone Group PLC,/m/02d6ph,Telecommunications company,"['Vodafone House, The ConnectionNEWBURY \xa0  \xa0 RG14 2FN\nP: +441635.33251F: +441635.238080', ""Reuters, the news and media division of Thomson Reuters, is the world’s largest international multimedia news provider reaching more than one billion people every day. Reuters provides trusted business, financial, national, and international news to professionals via Thomson Reuters desktops, the world's media organizations, and directly to consumers at Reuters.com and via Reuters TV.  Learn more about Thomson Reuters products:"", ' All quotes delayed a minimum of 15 minutes. See here for a complete list of exchanges and delays.']",,https://en.wikipedia.org/wiki/Vodafone,0
98,WTB.L,Whitbread PLC,/m/05sh2r,Company,"['First Fl, 120 HolbornDUNSTABLE \xa0  \xa0 EC1N 2TD\nP: +441582.424200', ""Reuters, the news and media division of Thomson Reuters, is the world’s largest international multimedia news provider reaching more than one billion people every day. Reuters provides trusted business, financial, national, and international news to professionals via Thomson Reuters desktops, the world's media organizations, and directly to consumers at Reuters.com and via Reuters TV.  Learn more about Thomson Reuters products:"", ' All quotes delayed a minimum of 15 minutes. See here for a complete list of exchanges and delays.']",http://www.whitbread.co.uk/,https://en.wikipedia.org/wiki/Whitbread,0
99,MRW.L,WM Morrison Supermarkets PLC,/m/016dtq,Supermarket company,"['Hilmore House, 71 Gain LaneBRADFORD \xa0  \xa0 BD3 7DL\nP: +440845.6115000F: +441274.487269', ""Reuters, the news and media division of Thomson Reuters, is the world’s largest international multimedia news provider reaching more than one billion people every day. Reuters provides trusted business, financial, national, and international news to professionals via Thomson Reuters desktops, the world's media organizations, and directly to consumers at Reuters.com and via Reuters TV.  Learn more about Thomson Reuters products:"", ' All quotes delayed a minimum of 15 minutes. See here for a complete list of exchanges and delays.']",http://www.morrisons-corporate.com/,https://en.wikipedia.org/wiki/Morrisons,0
100,WPP.L,WPP PLC,/m/02__p6,Public relations company,"['27 Farm StreetLONDON \xa0  \xa0 W1J 5RJ\nP: +4420.74082204F: +4420.74936819', ""Reuters, the news and media division of Thomson Reuters, is the world’s largest international multimedia news provider reaching more than one billion people every day. Reuters provides trusted business, financial, national, and international news to professionals via Thomson Reuters desktops, the world's media organizations, and directly to consumers at Reuters.com and via Reuters TV.  Learn more about Thomson Reuters products:"", ' All quotes delayed a minimum of 15 minutes. See here for a complete list of exchanges and delays.']",http://www.wpp.com/wpp,https://en.wikipedia.org/wiki/WPP_plc,0
