,symbol,Company1,Company2,Description
0,III.L,3i Group PLC,3i Group PLC,"['16 Palace StreetLONDON \xa0  \xa0 SW1E 5JD\nP: +4420.79753131F: +4420.79753232', ""Reuters, the news and media division of Thomson Reuters, is the world’s largest international multimedia news provider reaching more than one billion people every day. Reuters provides trusted business, financial, national, and international news to professionals via Thomson Reuters desktops, the world's media organizations, and directly to consumers at Reuters.com and via Reuters TV.  Learn more about Thomson Reuters products:"", ' All quotes delayed a minimum of 15 minutes. See here for a complete list of exchanges and delays.']"
1,ADML.L,Admiral Group PLC,Admiral Group PLC,"['Ty Admiral, David StreetCARDIFF \xa0  \xa0 CF10 2EH\nP: +44871.8828282', ""Reuters, the news and media division of Thomson Reuters, is the world’s largest international multimedia news provider reaching more than one billion people every day. Reuters provides trusted business, financial, national, and international news to professionals via Thomson Reuters desktops, the world's media organizations, and directly to consumers at Reuters.com and via Reuters TV.  Learn more about Thomson Reuters products:"", ' All quotes delayed a minimum of 15 minutes. See here for a complete list of exchanges and delays.']"
2,AAL.L,Anglo American PLC,Anglo American PLC,"['Anglo American House20 Carlton House TerraceLONDON \xa0  \xa0 SW1Y 5AN\nP: +4420.79688888F: +4420.79688500', ""Reuters, the news and media division of Thomson Reuters, is the world’s largest international multimedia news provider reaching more than one billion people every day. Reuters provides trusted business, financial, national, and international news to professionals via Thomson Reuters desktops, the world's media organizations, and directly to consumers at Reuters.com and via Reuters TV.  Learn more about Thomson Reuters products:"", ' All quotes delayed a minimum of 15 minutes. See here for a complete list of exchanges and delays.']"
3,ANTO.L,Antofagasta PLC,Antofagasta PLC,"['Cleveland HSE, 33 King StreetLONDON \xa0  \xa0 SW1Y 6RJ\nP: +4420.78080988F: +4420.79307578', ""Reuters, the news and media division of Thomson Reuters, is the world’s largest international multimedia news provider reaching more than one billion people every day. Reuters provides trusted business, financial, national, and international news to professionals via Thomson Reuters desktops, the world's media organizations, and directly to consumers at Reuters.com and via Reuters TV.  Learn more about Thomson Reuters products:"", ' All quotes delayed a minimum of 15 minutes. See here for a complete list of exchanges and delays.']"
4,AHT.L,Ashtead Group PLC,Ashtead Group PLC,"['100 CheapsideLONDON \xa0  \xa0 EC2V 6DT\nP: +4420.77269700F: +4420.77269705', ""Reuters, the news and media division of Thomson Reuters, is the world’s largest international multimedia news provider reaching more than one billion people every day. Reuters provides trusted business, financial, national, and international news to professionals via Thomson Reuters desktops, the world's media organizations, and directly to consumers at Reuters.com and via Reuters TV.  Learn more about Thomson Reuters products:"", ' All quotes delayed a minimum of 15 minutes. See here for a complete list of exchanges and delays.']"
5,ABF.L,Associated British Foods PLC,Associated British Foods PLC,"['Mayfair, 10 Grosvenor StreetLONDON \xa0  \xa0 W1K 4QY\nP: +4420.73996500F: +4420.73996580', ""Reuters, the news and media division of Thomson Reuters, is the world’s largest international multimedia news provider reaching more than one billion people every day. Reuters provides trusted business, financial, national, and international news to professionals via Thomson Reuters desktops, the world's media organizations, and directly to consumers at Reuters.com and via Reuters TV.  Learn more about Thomson Reuters products:"", ' All quotes delayed a minimum of 15 minutes. See here for a complete list of exchanges and delays.']"
6,AZN.L,AstraZeneca PLC,AstraZeneca PLC,"['1 Francis Crick AvenueCAMBRIDGE \xa0  \xa0 CB2 0AA\nP: +4420.73045000F: +4420.76048151', ""Reuters, the news and media division of Thomson Reuters, is the world’s largest international multimedia news provider reaching more than one billion people every day. Reuters provides trusted business, financial, national, and international news to professionals via Thomson Reuters desktops, the world's media organizations, and directly to consumers at Reuters.com and via Reuters TV.  Learn more about Thomson Reuters products:"", ' All quotes delayed a minimum of 15 minutes. See here for a complete list of exchanges and delays.']"
7,AUTOA.L,Auto Trader Group PLC,Auto Trader Group PLC,"['4th Fl, 1 Tony Wilson PlaceMANCHESTER \xa0  \xa0 M15 4FN\nP: +44161.6699888', ""Reuters, the news and media division of Thomson Reuters, is the world’s largest international multimedia news provider reaching more than one billion people every day. Reuters provides trusted business, financial, national, and international news to professionals via Thomson Reuters desktops, the world's media organizations, and directly to consumers at Reuters.com and via Reuters TV.  Learn more about Thomson Reuters products:"", ' All quotes delayed a minimum of 15 minutes. See here for a complete list of exchanges and delays.']"
8,AV.L,Aviva PLC,Aviva PLC,"['St. Helens, 1 UndershaftLONDON \xa0  \xa0 EC3P 3DQ\nP: +4420.72832000', ""Reuters, the news and media division of Thomson Reuters, is the world’s largest international multimedia news provider reaching more than one billion people every day. Reuters provides trusted business, financial, national, and international news to professionals via Thomson Reuters desktops, the world's media organizations, and directly to consumers at Reuters.com and via Reuters TV.  Learn more about Thomson Reuters products:"", ' All quotes delayed a minimum of 15 minutes. See here for a complete list of exchanges and delays.']"
9,BAES.L,BAE Systems PLC,BAE Systems PLC,"['Stirling Square, 6 Carlton GardeLONDON \xa0  \xa0 SW1Y 5AD\nP: +441252.383857F: +441252.383991', ""Reuters, the news and media division of Thomson Reuters, is the world’s largest international multimedia news provider reaching more than one billion people every day. Reuters provides trusted business, financial, national, and international news to professionals via Thomson Reuters desktops, the world's media organizations, and directly to consumers at Reuters.com and via Reuters TV.  Learn more about Thomson Reuters products:"", ' All quotes delayed a minimum of 15 minutes. See here for a complete list of exchanges and delays.']"
10,BARC.L,Barclays PLC,Barclays PLC,"['Canary Wharf, 1 Churchill PlaceLONDON \xa0  \xa0 E14 5HP\nP: +4420.31340952F: +4420.71167665', ""Reuters, the news and media division of Thomson Reuters, is the world’s largest international multimedia news provider reaching more than one billion people every day. Reuters provides trusted business, financial, national, and international news to professionals via Thomson Reuters desktops, the world's media organizations, and directly to consumers at Reuters.com and via Reuters TV.  Learn more about Thomson Reuters products:"", ' All quotes delayed a minimum of 15 minutes. See here for a complete list of exchanges and delays.']"
11,BDEV.L,Barratt Developments PLC,Barratt Developments PLC,"['Barratt HouseCartwright Way, Forest Business COALVILLE \xa0  \xa0 LE67 1UF\nP: +441530.278278F: +441530.278279', ""Reuters, the news and media division of Thomson Reuters, is the world’s largest international multimedia news provider reaching more than one billion people every day. Reuters provides trusted business, financial, national, and international news to professionals via Thomson Reuters desktops, the world's media organizations, and directly to consumers at Reuters.com and via Reuters TV.  Learn more about Thomson Reuters products:"", ' All quotes delayed a minimum of 15 minutes. See here for a complete list of exchanges and delays.']"
12,BKGH.L,Berkeley Group Holdings PLC,Berkeley Group Holdings PLC,"['Berkeley House, 19 Portsmouth RoCOBHAM \xa0  \xa0 KT11 1JG\nP: +441932.868555F: +441932.868667', ""Reuters, the news and media division of Thomson Reuters, is the world’s largest international multimedia news provider reaching more than one billion people every day. Reuters provides trusted business, financial, national, and international news to professionals via Thomson Reuters desktops, the world's media organizations, and directly to consumers at Reuters.com and via Reuters TV.  Learn more about Thomson Reuters products:"", ' All quotes delayed a minimum of 15 minutes. See here for a complete list of exchanges and delays.']"
13,BHPB.L,BHP Group PLC,BHP Group PLC,"['8th Fl, 1 Neathouse PlaceLONDON \xa0  \xa0 SW1V 1LH\nP: +4420.78024054F: +4420.78024111', ""Reuters, the news and media division of Thomson Reuters, is the world’s largest international multimedia news provider reaching more than one billion people every day. Reuters provides trusted business, financial, national, and international news to professionals via Thomson Reuters desktops, the world's media organizations, and directly to consumers at Reuters.com and via Reuters TV.  Learn more about Thomson Reuters products:"", ' All quotes delayed a minimum of 15 minutes. See here for a complete list of exchanges and delays.']"
14,BP.L,BP PLC,BP PLC,"[""1 St. James's SquareLONDON \xa0  \xa0 SW1Y 4PD\nP: +4420.74962107F: +4420.74964630"", ""Reuters, the news and media division of Thomson Reuters, is the world’s largest international multimedia news provider reaching more than one billion people every day. Reuters provides trusted business, financial, national, and international news to professionals via Thomson Reuters desktops, the world's media organizations, and directly to consumers at Reuters.com and via Reuters TV.  Learn more about Thomson Reuters products:"", ' All quotes delayed a minimum of 15 minutes. See here for a complete list of exchanges and delays.']"
15,BATS.L,British American Tobacco PLC,British American Tobacco PLC,"['Globe House, 4 Temple PlaceLONDON \xa0  \xa0 WC2R 2PG\nP: +4420.78452000F: +4420.72400555', ""Reuters, the news and media division of Thomson Reuters, is the world’s largest international multimedia news provider reaching more than one billion people every day. Reuters provides trusted business, financial, national, and international news to professionals via Thomson Reuters desktops, the world's media organizations, and directly to consumers at Reuters.com and via Reuters TV.  Learn more about Thomson Reuters products:"", ' All quotes delayed a minimum of 15 minutes. See here for a complete list of exchanges and delays.']"
16,BLND.L,British Land Company PLC,British Land Company PLC,"['York House, 45 Seymour StreetLONDON \xa0  \xa0 W1H 7LX\nP: +4420.74864466F: +4420.79355552', ""Reuters, the news and media division of Thomson Reuters, is the world’s largest international multimedia news provider reaching more than one billion people every day. Reuters provides trusted business, financial, national, and international news to professionals via Thomson Reuters desktops, the world's media organizations, and directly to consumers at Reuters.com and via Reuters TV.  Learn more about Thomson Reuters products:"", ' All quotes delayed a minimum of 15 minutes. See here for a complete list of exchanges and delays.']"
17,BT.L,BT Group PLC,BT Group PLC,"['Bt Centre, 81 Newgate StreetLONDON \xa0  \xa0 EC1A 7AJ\nP: +4420.73565000F: +4420.73565520', ""Reuters, the news and media division of Thomson Reuters, is the world’s largest international multimedia news provider reaching more than one billion people every day. Reuters provides trusted business, financial, national, and international news to professionals via Thomson Reuters desktops, the world's media organizations, and directly to consumers at Reuters.com and via Reuters TV.  Learn more about Thomson Reuters products:"", ' All quotes delayed a minimum of 15 minutes. See here for a complete list of exchanges and delays.']"
18,BNZL.L,Bunzl plc,Bunzl plc,"['York House, 45 Seymour StreetLONDON \xa0  \xa0 W1H 7JT\nP: +4420.77255000F: +4420.77255001', ""Reuters, the news and media division of Thomson Reuters, is the world’s largest international multimedia news provider reaching more than one billion people every day. Reuters provides trusted business, financial, national, and international news to professionals via Thomson Reuters desktops, the world's media organizations, and directly to consumers at Reuters.com and via Reuters TV.  Learn more about Thomson Reuters products:"", ' All quotes delayed a minimum of 15 minutes. See here for a complete list of exchanges and delays.']"
19,BRBY.L,Burberry Group PLC,Burberry Group PLC,"['Horseferry House, Horseferry RoaLONDON \xa0  \xa0 SW1P 2AW\nP: +4420.33673000F: +4420.79802950', ""Reuters, the news and media division of Thomson Reuters, is the world’s largest international multimedia news provider reaching more than one billion people every day. Reuters provides trusted business, financial, national, and international news to professionals via Thomson Reuters desktops, the world's media organizations, and directly to consumers at Reuters.com and via Reuters TV.  Learn more about Thomson Reuters products:"", ' All quotes delayed a minimum of 15 minutes. See here for a complete list of exchanges and delays.']"
20,CCL.L,Carnival PLC,Carnival PLC,"['Carnival House, 100 Harbour ParaSOUTHAMPTON \xa0  \xa0 SO15 1ST\nP: +4423.80655000', ""Reuters, the news and media division of Thomson Reuters, is the world’s largest international multimedia news provider reaching more than one billion people every day. Reuters provides trusted business, financial, national, and international news to professionals via Thomson Reuters desktops, the world's media organizations, and directly to consumers at Reuters.com and via Reuters TV.  Learn more about Thomson Reuters products:"", ' All quotes delayed a minimum of 15 minutes. See here for a complete list of exchanges and delays.']"
21,CNA.L,Centrica PLC,Centrica PLC,"['Millstream, Maidenhead RoadWINDSOR \xa0  \xa0 SL4 5GD\nP: +441753.494000F: +441753.494001', ""Reuters, the news and media division of Thomson Reuters, is the world’s largest international multimedia news provider reaching more than one billion people every day. Reuters provides trusted business, financial, national, and international news to professionals via Thomson Reuters desktops, the world's media organizations, and directly to consumers at Reuters.com and via Reuters TV.  Learn more about Thomson Reuters products:"", ' All quotes delayed a minimum of 15 minutes. See here for a complete list of exchanges and delays.']"
22,CCH.L,Coca Cola HBC AG,Coca Cola HBC AG,"['Turmstrasse 26ZUG \xa0 ZUG \xa0 6300\nP: +4141.7260110', ""Reuters, the news and media division of Thomson Reuters, is the world’s largest international multimedia news provider reaching more than one billion people every day. Reuters provides trusted business, financial, national, and international news to professionals via Thomson Reuters desktops, the world's media organizations, and directly to consumers at Reuters.com and via Reuters TV.  Learn more about Thomson Reuters products:"", ' All quotes delayed a minimum of 15 minutes. See here for a complete list of exchanges and delays.']"
23,CPG.L,Compass Group PLC,Compass Group PLC,"['Compass House, Guildford StreetCHERTSEY \xa0  \xa0 KT16 9BQ\nP: +441932.573000F: +441932.569956', ""Reuters, the news and media division of Thomson Reuters, is the world’s largest international multimedia news provider reaching more than one billion people every day. Reuters provides trusted business, financial, national, and international news to professionals via Thomson Reuters desktops, the world's media organizations, and directly to consumers at Reuters.com and via Reuters TV.  Learn more about Thomson Reuters products:"", ' All quotes delayed a minimum of 15 minutes. See here for a complete list of exchanges and delays.']"
24,CRH.L,CRH PLC,CRH PLC,"['Belgard RoadDUBLIN \xa0  \xa0 22\nP: +3531.4041000F: +3531.4041007', ""Reuters, the news and media division of Thomson Reuters, is the world’s largest international multimedia news provider reaching more than one billion people every day. Reuters provides trusted business, financial, national, and international news to professionals via Thomson Reuters desktops, the world's media organizations, and directly to consumers at Reuters.com and via Reuters TV.  Learn more about Thomson Reuters products:"", ' All quotes delayed a minimum of 15 minutes. See here for a complete list of exchanges and delays.']"
25,CRDA.L,Croda International PLC,Croda International PLC,"['Cowick HallGOOLE \xa0  \xa0 DN14 9AA\nP: +441405.860551F: +441405.861767', ""Reuters, the news and media division of Thomson Reuters, is the world’s largest international multimedia news provider reaching more than one billion people every day. Reuters provides trusted business, financial, national, and international news to professionals via Thomson Reuters desktops, the world's media organizations, and directly to consumers at Reuters.com and via Reuters TV.  Learn more about Thomson Reuters products:"", ' All quotes delayed a minimum of 15 minutes. See here for a complete list of exchanges and delays.']"
26,DCC.L,DCC PLC,DCC PLC,"['DCC HouseLeopardstown Road, Foxrock,DubliDUBLIN \xa0  \xa0 \nP: +3531.2799400F: +3531.2831017', ""Reuters, the news and media division of Thomson Reuters, is the world’s largest international multimedia news provider reaching more than one billion people every day. Reuters provides trusted business, financial, national, and international news to professionals via Thomson Reuters desktops, the world's media organizations, and directly to consumers at Reuters.com and via Reuters TV.  Learn more about Thomson Reuters products:"", ' All quotes delayed a minimum of 15 minutes. See here for a complete list of exchanges and delays.']"
27,DGE.L,Diageo PLC,Diageo PLC,"['Lakeside Drive, Park RoyalLONDON \xa0  \xa0 NW10 7HQ\nP: +4420.89786000F: +4420.89788501', ""Reuters, the news and media division of Thomson Reuters, is the world’s largest international multimedia news provider reaching more than one billion people every day. Reuters provides trusted business, financial, national, and international news to professionals via Thomson Reuters desktops, the world's media organizations, and directly to consumers at Reuters.com and via Reuters TV.  Learn more about Thomson Reuters products:"", ' All quotes delayed a minimum of 15 minutes. See here for a complete list of exchanges and delays.']"
28,DLGD.L,Direct Line Insurance Group PLC,Direct Line Insurance Group PLC,"['Churchill Court, Westmoreland RoBROMLEY \xa0  \xa0 BR1 1DP\nP: +44113.2920667', ""Reuters, the news and media division of Thomson Reuters, is the world’s largest international multimedia news provider reaching more than one billion people every day. Reuters provides trusted business, financial, national, and international news to professionals via Thomson Reuters desktops, the world's media organizations, and directly to consumers at Reuters.com and via Reuters TV.  Learn more about Thomson Reuters products:"", ' All quotes delayed a minimum of 15 minutes. See here for a complete list of exchanges and delays.']"
29,TUIT.L,TUI AG,TUI AG,"[' \xa0  \xa0 \n', ""Reuters, the news and media division of Thomson Reuters, is the world’s largest international multimedia news provider reaching more than one billion people every day. Reuters provides trusted business, financial, national, and international news to professionals via Thomson Reuters desktops, the world's media organizations, and directly to consumers at Reuters.com and via Reuters TV.  Learn more about Thomson Reuters products:"", ' All quotes delayed a minimum of 15 minutes. See here for a complete list of exchanges and delays.']"
30,SMDS.L,DS Smith PLC,DS Smith PLC,"['7th Fl, Regents Place, 350 EustoLONDON \xa0  \xa0 NW1 3AX\nP: +4420.77561800', ""Reuters, the news and media division of Thomson Reuters, is the world’s largest international multimedia news provider reaching more than one billion people every day. Reuters provides trusted business, financial, national, and international news to professionals via Thomson Reuters desktops, the world's media organizations, and directly to consumers at Reuters.com and via Reuters TV.  Learn more about Thomson Reuters products:"", ' All quotes delayed a minimum of 15 minutes. See here for a complete list of exchanges and delays.']"
31,EZJ.L,Easyjet PLC,Easyjet PLC,"['Hangar 89, London Luton AirportLUTON \xa0  \xa0 LU2 9PA\nP: +441582.525252', ""Reuters, the news and media division of Thomson Reuters, is the world’s largest international multimedia news provider reaching more than one billion people every day. Reuters provides trusted business, financial, national, and international news to professionals via Thomson Reuters desktops, the world's media organizations, and directly to consumers at Reuters.com and via Reuters TV.  Learn more about Thomson Reuters products:"", ' All quotes delayed a minimum of 15 minutes. See here for a complete list of exchanges and delays.']"
32,EVRE.L,EVRAZ plc,EVRAZ plc,"['str. Belovezhskaya, 4, Block BMOSCOW \xa0  \xa0 121353\nP: +7495.3631963', ""Reuters, the news and media division of Thomson Reuters, is the world’s largest international multimedia news provider reaching more than one billion people every day. Reuters provides trusted business, financial, national, and international news to professionals via Thomson Reuters desktops, the world's media organizations, and directly to consumers at Reuters.com and via Reuters TV.  Learn more about Thomson Reuters products:"", ' All quotes delayed a minimum of 15 minutes. See here for a complete list of exchanges and delays.']"
33,EXPN.L,Experian PLC,Experian PLC,"['Newenham HouseNorthern Cross, Malahide Road,DuDUBLIN \xa0  \xa0 D17 AY61\nP: +3531.8469100F: +3531.8469150', ""Reuters, the news and media division of Thomson Reuters, is the world’s largest international multimedia news provider reaching more than one billion people every day. Reuters provides trusted business, financial, national, and international news to professionals via Thomson Reuters desktops, the world's media organizations, and directly to consumers at Reuters.com and via Reuters TV.  Learn more about Thomson Reuters products:"", ' All quotes delayed a minimum of 15 minutes. See here for a complete list of exchanges and delays.']"
34,FERG.L,Ferguson PLC,Ferguson PLC,"['1020 Eskdale RoadWOKINGHAM \xa0  \xa0 RG41 5TS\n', ""Reuters, the news and media division of Thomson Reuters, is the world’s largest international multimedia news provider reaching more than one billion people every day. Reuters provides trusted business, financial, national, and international news to professionals via Thomson Reuters desktops, the world's media organizations, and directly to consumers at Reuters.com and via Reuters TV.  Learn more about Thomson Reuters products:"", ' All quotes delayed a minimum of 15 minutes. See here for a complete list of exchanges and delays.']"
35,FRES.L,Fresnillo PLC,Fresnillo PLC,"['Calzada LegariaNo. 549, Torre 2, Colonia 10 de MEXICO, D.F. \xa0  \xa0 11250\nP: +5255.52793000', ""Reuters, the news and media division of Thomson Reuters, is the world’s largest international multimedia news provider reaching more than one billion people every day. Reuters provides trusted business, financial, national, and international news to professionals via Thomson Reuters desktops, the world's media organizations, and directly to consumers at Reuters.com and via Reuters TV.  Learn more about Thomson Reuters products:"", ' All quotes delayed a minimum of 15 minutes. See here for a complete list of exchanges and delays.']"
36,GSK.L,GlaxoSmithKline PLC,GlaxoSmithKline PLC,"['980 Great West RoadBRENTFORD \xa0  \xa0 TW8 9GS\nP: +4420.80475000F: +4420.80477807', ""Reuters, the news and media division of Thomson Reuters, is the world’s largest international multimedia news provider reaching more than one billion people every day. Reuters provides trusted business, financial, national, and international news to professionals via Thomson Reuters desktops, the world's media organizations, and directly to consumers at Reuters.com and via Reuters TV.  Learn more about Thomson Reuters products:"", ' All quotes delayed a minimum of 15 minutes. See here for a complete list of exchanges and delays.']"
37,GLEN.L,Glencore PLC,Glencore PLC,"['Baarermattstrasse 3BAAR \xa0 ZUG \xa0 6340\nP: +4141.7092000F: +4141.7093000', ""Reuters, the news and media division of Thomson Reuters, is the world’s largest international multimedia news provider reaching more than one billion people every day. Reuters provides trusted business, financial, national, and international news to professionals via Thomson Reuters desktops, the world's media organizations, and directly to consumers at Reuters.com and via Reuters TV.  Learn more about Thomson Reuters products:"", ' All quotes delayed a minimum of 15 minutes. See here for a complete list of exchanges and delays.']"
38,HLMA.L,Halma PLC,Halma PLC,"['Misbourne Court, Rectory WayAMERSHAM \xa0  \xa0 HP7 0DE\nP: +441494.721111F: +441494.728032', ""Reuters, the news and media division of Thomson Reuters, is the world’s largest international multimedia news provider reaching more than one billion people every day. Reuters provides trusted business, financial, national, and international news to professionals via Thomson Reuters desktops, the world's media organizations, and directly to consumers at Reuters.com and via Reuters TV.  Learn more about Thomson Reuters products:"", ' All quotes delayed a minimum of 15 minutes. See here for a complete list of exchanges and delays.']"
39,HRGV.L,Hargreaves Lansdown PLC,Hargreaves Lansdown PLC,"['1 College Square South, Anchor RBRISTOL \xa0  \xa0 BS1 5HL\nP: +44117.9009000', ""Reuters, the news and media division of Thomson Reuters, is the world’s largest international multimedia news provider reaching more than one billion people every day. Reuters provides trusted business, financial, national, and international news to professionals via Thomson Reuters desktops, the world's media organizations, and directly to consumers at Reuters.com and via Reuters TV.  Learn more about Thomson Reuters products:"", ' All quotes delayed a minimum of 15 minutes. See here for a complete list of exchanges and delays.']"
40,HIK.L,Hikma Pharmaceuticals PLC,Hikma Pharmaceuticals PLC,"['1 New Burlington PlaceLONDON \xa0  \xa0 W1S 2HR\nP: +4420.73992760F: +4420.73992761', ""Reuters, the news and media division of Thomson Reuters, is the world’s largest international multimedia news provider reaching more than one billion people every day. Reuters provides trusted business, financial, national, and international news to professionals via Thomson Reuters desktops, the world's media organizations, and directly to consumers at Reuters.com and via Reuters TV.  Learn more about Thomson Reuters products:"", ' All quotes delayed a minimum of 15 minutes. See here for a complete list of exchanges and delays.']"
41,HSX.L,Hiscox Ltd,Hiscox Ltd,"['4th Floor, Wessex House, 45 ReidHAMILTON \xa0  \xa0 HM 12\nP: +1441.2788300F: +1441.2788301', ""Reuters, the news and media division of Thomson Reuters, is the world’s largest international multimedia news provider reaching more than one billion people every day. Reuters provides trusted business, financial, national, and international news to professionals via Thomson Reuters desktops, the world's media organizations, and directly to consumers at Reuters.com and via Reuters TV.  Learn more about Thomson Reuters products:"", ' All quotes delayed a minimum of 15 minutes. See here for a complete list of exchanges and delays.']"
42,HSBA.L,HSBC Holdings PLC,HSBC Holdings PLC,"['8 Canada SquareLONDON \xa0  \xa0 E14 5HQ\nP: +4420.79912652F: +4420.79924880', ""Reuters, the news and media division of Thomson Reuters, is the world’s largest international multimedia news provider reaching more than one billion people every day. Reuters provides trusted business, financial, national, and international news to professionals via Thomson Reuters desktops, the world's media organizations, and directly to consumers at Reuters.com and via Reuters TV.  Learn more about Thomson Reuters products:"", ' All quotes delayed a minimum of 15 minutes. See here for a complete list of exchanges and delays.']"
43,IMB.L,Imperial Brands PLC,Imperial Brands PLC,"['121 Winterstoke RoadBRISTOL \xa0  \xa0 BS3 2LL\nP: +44117.9636636F: +44117.9337422', ""Reuters, the news and media division of Thomson Reuters, is the world’s largest international multimedia news provider reaching more than one billion people every day. Reuters provides trusted business, financial, national, and international news to professionals via Thomson Reuters desktops, the world's media organizations, and directly to consumers at Reuters.com and via Reuters TV.  Learn more about Thomson Reuters products:"", ' All quotes delayed a minimum of 15 minutes. See here for a complete list of exchanges and delays.']"
44,INF.L,Informa PLC,Informa PLC,"['5 Howick PlaceLONDON \xa0  \xa0 SW1P 1WG\nP: +4420.70175000', ""Reuters, the news and media division of Thomson Reuters, is the world’s largest international multimedia news provider reaching more than one billion people every day. Reuters provides trusted business, financial, national, and international news to professionals via Thomson Reuters desktops, the world's media organizations, and directly to consumers at Reuters.com and via Reuters TV.  Learn more about Thomson Reuters products:"", ' All quotes delayed a minimum of 15 minutes. See here for a complete list of exchanges and delays.']"
45,IHG.L,InterContinental Hotels Group PLC,InterContinental Hotels Group PLC,"['Broadwater ParkDENHAM \xa0  \xa0 UB9 5HR\nP: +441895.512000F: +441895.512101', ""Reuters, the news and media division of Thomson Reuters, is the world’s largest international multimedia news provider reaching more than one billion people every day. Reuters provides trusted business, financial, national, and international news to professionals via Thomson Reuters desktops, the world's media organizations, and directly to consumers at Reuters.com and via Reuters TV.  Learn more about Thomson Reuters products:"", ' All quotes delayed a minimum of 15 minutes. See here for a complete list of exchanges and delays.']"
46,ICAG.L,International Consolidated Airlines Group SA,International Consolidated Airlines Group SA,"['2 World Business Centre HeathrowNewall RoadHOUNSLOW \xa0 MAD \xa0 TW6 2SF\nP: +4420.85642800', ""Reuters, the news and media division of Thomson Reuters, is the world’s largest international multimedia news provider reaching more than one billion people every day. Reuters provides trusted business, financial, national, and international news to professionals via Thomson Reuters desktops, the world's media organizations, and directly to consumers at Reuters.com and via Reuters TV.  Learn more about Thomson Reuters products:"", ' All quotes delayed a minimum of 15 minutes. See here for a complete list of exchanges and delays.']"
47,ITRK.L,Intertek Group PLC,Intertek Group PLC,"['33 Cavendish SquareLONDON \xa0 NY \xa0 W1G 0PS\nP: +4420.73963400F: +4420.73963480', ""Reuters, the news and media division of Thomson Reuters, is the world’s largest international multimedia news provider reaching more than one billion people every day. Reuters provides trusted business, financial, national, and international news to professionals via Thomson Reuters desktops, the world's media organizations, and directly to consumers at Reuters.com and via Reuters TV.  Learn more about Thomson Reuters products:"", ' All quotes delayed a minimum of 15 minutes. See here for a complete list of exchanges and delays.']"
48,ITV.L,ITV PLC,ITV PLC,"['The London Televison CentreUpper GroundLONDON \xa0  \xa0 00000\nP: +4420.72613061F: +44207.4513026', ""Reuters, the news and media division of Thomson Reuters, is the world’s largest international multimedia news provider reaching more than one billion people every day. Reuters provides trusted business, financial, national, and international news to professionals via Thomson Reuters desktops, the world's media organizations, and directly to consumers at Reuters.com and via Reuters TV.  Learn more about Thomson Reuters products:"", ' All quotes delayed a minimum of 15 minutes. See here for a complete list of exchanges and delays.']"
49,SBRY.L,J Sainsbury PLC,J Sainsbury PLC,"['33 HolbornLONDON \xa0  \xa0 EC1N 2HT\nP: +4420.76956000F: +4420.76957610', ""Reuters, the news and media division of Thomson Reuters, is the world’s largest international multimedia news provider reaching more than one billion people every day. Reuters provides trusted business, financial, national, and international news to professionals via Thomson Reuters desktops, the world's media organizations, and directly to consumers at Reuters.com and via Reuters TV.  Learn more about Thomson Reuters products:"", ' All quotes delayed a minimum of 15 minutes. See here for a complete list of exchanges and delays.']"
50,JMAT.L,Johnson Matthey PLC,Johnson Matthey PLC,"['5th Fl, 25 Farringdon StreetLONDON \xa0  \xa0 EC4A 4AB\nP: +4420.72698400F: +4420.72698433', ""Reuters, the news and media division of Thomson Reuters, is the world’s largest international multimedia news provider reaching more than one billion people every day. Reuters provides trusted business, financial, national, and international news to professionals via Thomson Reuters desktops, the world's media organizations, and directly to consumers at Reuters.com and via Reuters TV.  Learn more about Thomson Reuters products:"", ' All quotes delayed a minimum of 15 minutes. See here for a complete list of exchanges and delays.']"
51,JE.L,Just Eat PLC,Just Eat PLC,"['Fleet Place House, 2 Fleet PlaceLONDON \xa0  \xa0 EC4M 7RF\nP: +4420.31143333', ""Reuters, the news and media division of Thomson Reuters, is the world’s largest international multimedia news provider reaching more than one billion people every day. Reuters provides trusted business, financial, national, and international news to professionals via Thomson Reuters desktops, the world's media organizations, and directly to consumers at Reuters.com and via Reuters TV.  Learn more about Thomson Reuters products:"", ' All quotes delayed a minimum of 15 minutes. See here for a complete list of exchanges and delays.']"
52,KGF.L,Kingfisher PLC,Kingfisher PLC,"['3 Sheldon SquareLONDON \xa0  \xa0 W2 6PX\nP: +4420.73728008F: +4420.76441001', ""Reuters, the news and media division of Thomson Reuters, is the world’s largest international multimedia news provider reaching more than one billion people every day. Reuters provides trusted business, financial, national, and international news to professionals via Thomson Reuters desktops, the world's media organizations, and directly to consumers at Reuters.com and via Reuters TV.  Learn more about Thomson Reuters products:"", ' All quotes delayed a minimum of 15 minutes. See here for a complete list of exchanges and delays.']"
53,LAND.L,Land Securities Group PLC,Land Securities Group PLC,"['100 Victoria StreetLONDON \xa0  \xa0 SW1E 5JL\nP: +4420.74139000F: +4420.79250202', ""Reuters, the news and media division of Thomson Reuters, is the world’s largest international multimedia news provider reaching more than one billion people every day. Reuters provides trusted business, financial, national, and international news to professionals via Thomson Reuters desktops, the world's media organizations, and directly to consumers at Reuters.com and via Reuters TV.  Learn more about Thomson Reuters products:"", ' All quotes delayed a minimum of 15 minutes. See here for a complete list of exchanges and delays.']"
54,LGEN.L,Legal & General Group PLC,Legal & General Group PLC,"['1 Coleman StreetLONDON \xa0  \xa0 EC2R 5AA\nP: +4420.31243000F: +4420.31242500', ""Reuters, the news and media division of Thomson Reuters, is the world’s largest international multimedia news provider reaching more than one billion people every day. Reuters provides trusted business, financial, national, and international news to professionals via Thomson Reuters desktops, the world's media organizations, and directly to consumers at Reuters.com and via Reuters TV.  Learn more about Thomson Reuters products:"", ' All quotes delayed a minimum of 15 minutes. See here for a complete list of exchanges and delays.']"
55,LLOY.L,Lloyds Banking Group PLC,Lloyds Banking Group PLC,"['25 Gresham StreetLONDON \xa0  \xa0 EC2V 7HN\nP: +4420.76261500', ""Reuters, the news and media division of Thomson Reuters, is the world’s largest international multimedia news provider reaching more than one billion people every day. Reuters provides trusted business, financial, national, and international news to professionals via Thomson Reuters desktops, the world's media organizations, and directly to consumers at Reuters.com and via Reuters TV.  Learn more about Thomson Reuters products:"", ' All quotes delayed a minimum of 15 minutes. See here for a complete list of exchanges and delays.']"
56,LSE.L,London Stock Exchange Group PLC,London Stock Exchange Group PLC,"['10 Paternoster SquareLONDON \xa0  \xa0 EC4M 7LS\nP: +4420.77971000', ""Reuters, the news and media division of Thomson Reuters, is the world’s largest international multimedia news provider reaching more than one billion people every day. Reuters provides trusted business, financial, national, and international news to professionals via Thomson Reuters desktops, the world's media organizations, and directly to consumers at Reuters.com and via Reuters TV.  Learn more about Thomson Reuters products:"", ' All quotes delayed a minimum of 15 minutes. See here for a complete list of exchanges and delays.']"
57,MKS.L,Marks and Spencer Group PLC,Marks and Spencer Group PLC,"['Waterside House, 35 North Wharf LONDON \xa0  \xa0 W2 1NW\nP: +4420.79354422F: +4420.74872679', ""Reuters, the news and media division of Thomson Reuters, is the world’s largest international multimedia news provider reaching more than one billion people every day. Reuters provides trusted business, financial, national, and international news to professionals via Thomson Reuters desktops, the world's media organizations, and directly to consumers at Reuters.com and via Reuters TV.  Learn more about Thomson Reuters products:"", ' All quotes delayed a minimum of 15 minutes. See here for a complete list of exchanges and delays.']"
58,MCRO.L,Micro Focus International PLC,Micro Focus International PLC,"['22-30 Old Bath RoadNEWBURY \xa0  \xa0 RG14 1QN\nP: +441635.565200F: +441635.33966', ""Reuters, the news and media division of Thomson Reuters, is the world’s largest international multimedia news provider reaching more than one billion people every day. Reuters provides trusted business, financial, national, and international news to professionals via Thomson Reuters desktops, the world's media organizations, and directly to consumers at Reuters.com and via Reuters TV.  Learn more about Thomson Reuters products:"", ' All quotes delayed a minimum of 15 minutes. See here for a complete list of exchanges and delays.']"
59,MNDI.L,Mondi PLC,Mondi PLC,"['Building 1, Aviator Park, StatioADDLESTONE \xa0  \xa0 KT15 2PG\nP: +441932.826300F: +441932.826351', ""Reuters, the news and media division of Thomson Reuters, is the world’s largest international multimedia news provider reaching more than one billion people every day. Reuters provides trusted business, financial, national, and international news to professionals via Thomson Reuters desktops, the world's media organizations, and directly to consumers at Reuters.com and via Reuters TV.  Learn more about Thomson Reuters products:"", ' All quotes delayed a minimum of 15 minutes. See here for a complete list of exchanges and delays.']"
60,NG.L,National Grid PLC,National Grid PLC,"['1-3 StrandLONDON \xa0  \xa0 WC2N 5EH\nP: +4420.70043220F: +4420.70043004', ""Reuters, the news and media division of Thomson Reuters, is the world’s largest international multimedia news provider reaching more than one billion people every day. Reuters provides trusted business, financial, national, and international news to professionals via Thomson Reuters desktops, the world's media organizations, and directly to consumers at Reuters.com and via Reuters TV.  Learn more about Thomson Reuters products:"", ' All quotes delayed a minimum of 15 minutes. See here for a complete list of exchanges and delays.']"
61,MRON.L,Melrose Industries PLC,Melrose Industries PLC,"['Leconfield House, Curzon StreetLONDON \xa0  \xa0 W1J 5JA\nP: +4420.76474500', ""Reuters, the news and media division of Thomson Reuters, is the world’s largest international multimedia news provider reaching more than one billion people every day. Reuters provides trusted business, financial, national, and international news to professionals via Thomson Reuters desktops, the world's media organizations, and directly to consumers at Reuters.com and via Reuters TV.  Learn more about Thomson Reuters products:"", ' All quotes delayed a minimum of 15 minutes. See here for a complete list of exchanges and delays.']"
62,NXT.L,Next PLC,Next PLC,"['Desford RoadLEICESTER \xa0  \xa0 LE19 4AT\nP: +44333.7778245F: +44116.2848998', ""Reuters, the news and media division of Thomson Reuters, is the world’s largest international multimedia news provider reaching more than one billion people every day. Reuters provides trusted business, financial, national, and international news to professionals via Thomson Reuters desktops, the world's media organizations, and directly to consumers at Reuters.com and via Reuters TV.  Learn more about Thomson Reuters products:"", ' All quotes delayed a minimum of 15 minutes. See here for a complete list of exchanges and delays.']"
63,NMC.L,NMC Health PLC,NMC Health PLC,"['Level 1Devonshire House, 1 Mayfair PlacLONDON \xa0  \xa0 W1J 8AJ\n', ""Reuters, the news and media division of Thomson Reuters, is the world’s largest international multimedia news provider reaching more than one billion people every day. Reuters provides trusted business, financial, national, and international news to professionals via Thomson Reuters desktops, the world's media organizations, and directly to consumers at Reuters.com and via Reuters TV.  Learn more about Thomson Reuters products:"", ' All quotes delayed a minimum of 15 minutes. See here for a complete list of exchanges and delays.']"
64,OCDO.L,Ocado Group PLC,Ocado Group PLC,"['1 Trident PlaceHatfield Business Park, MosquitoHATFIELD \xa0  \xa0 AL10 9BW\nP: +441707.227800F: +441707.227999', ""Reuters, the news and media division of Thomson Reuters, is the world’s largest international multimedia news provider reaching more than one billion people every day. Reuters provides trusted business, financial, national, and international news to professionals via Thomson Reuters desktops, the world's media organizations, and directly to consumers at Reuters.com and via Reuters TV.  Learn more about Thomson Reuters products:"", ' All quotes delayed a minimum of 15 minutes. See here for a complete list of exchanges and delays.']"
65,FLTRF.L,Flutter Entertainment PLC,Flutter Entertainment PLC,"[' \xa0  \xa0 \n', ""Reuters, the news and media division of Thomson Reuters, is the world’s largest international multimedia news provider reaching more than one billion people every day. Reuters provides trusted business, financial, national, and international news to professionals via Thomson Reuters desktops, the world's media organizations, and directly to consumers at Reuters.com and via Reuters TV.  Learn more about Thomson Reuters products:"", ' All quotes delayed a minimum of 15 minutes. See here for a complete list of exchanges and delays.']"
66,PSON.L,Pearson PLC,Pearson PLC,"['80 StrandLONDON \xa0  \xa0 WC2R 0RL\nP: +4420.70102000F: +4420.70106060', ""Reuters, the news and media division of Thomson Reuters, is the world’s largest international multimedia news provider reaching more than one billion people every day. Reuters provides trusted business, financial, national, and international news to professionals via Thomson Reuters desktops, the world's media organizations, and directly to consumers at Reuters.com and via Reuters TV.  Learn more about Thomson Reuters products:"", ' All quotes delayed a minimum of 15 minutes. See here for a complete list of exchanges and delays.']"
67,PSN.L,Persimmon PLC,Persimmon PLC,"['Persimmon HouseFULFORD \xa0  \xa0 YO19 4FE\nP: +441904.642199F: +441904.610014', ""Reuters, the news and media division of Thomson Reuters, is the world’s largest international multimedia news provider reaching more than one billion people every day. Reuters provides trusted business, financial, national, and international news to professionals via Thomson Reuters desktops, the world's media organizations, and directly to consumers at Reuters.com and via Reuters TV.  Learn more about Thomson Reuters products:"", ' All quotes delayed a minimum of 15 minutes. See here for a complete list of exchanges and delays.']"
68,PHNX.L,Phoenix Group Holdings PLC,Phoenix Group Holdings PLC,"['1 Wythall Green WayLONDON \xa0  \xa0 B47 6WG\n', ""Reuters, the news and media division of Thomson Reuters, is the world’s largest international multimedia news provider reaching more than one billion people every day. Reuters provides trusted business, financial, national, and international news to professionals via Thomson Reuters desktops, the world's media organizations, and directly to consumers at Reuters.com and via Reuters TV.  Learn more about Thomson Reuters products:"", ' All quotes delayed a minimum of 15 minutes. See here for a complete list of exchanges and delays.']"
69,PRU.L,Prudential PLC,Prudential PLC,"['1 Angel CourtLONDON \xa0  \xa0 EC2R 7AG\nP: +4420.75483737F: +4420.75483725', ""Reuters, the news and media division of Thomson Reuters, is the world’s largest international multimedia news provider reaching more than one billion people every day. Reuters provides trusted business, financial, national, and international news to professionals via Thomson Reuters desktops, the world's media organizations, and directly to consumers at Reuters.com and via Reuters TV.  Learn more about Thomson Reuters products:"", ' All quotes delayed a minimum of 15 minutes. See here for a complete list of exchanges and delays.']"
70,RB.L,Reckitt Benckiser Group PLC,Reckitt Benckiser Group PLC,"['103-105 Bath RoadSLOUGH \xa0  \xa0 SL1 3UH\nP: +441753.217800F: +441753.217899', ""Reuters, the news and media division of Thomson Reuters, is the world’s largest international multimedia news provider reaching more than one billion people every day. Reuters provides trusted business, financial, national, and international news to professionals via Thomson Reuters desktops, the world's media organizations, and directly to consumers at Reuters.com and via Reuters TV.  Learn more about Thomson Reuters products:"", ' All quotes delayed a minimum of 15 minutes. See here for a complete list of exchanges and delays.']"
71,REL.L,Relx PLC,Relx PLC,"['Grand Buildings, 1-3 StrandLONDON \xa0  \xa0 WC2N 5JR\nP: +4420.71665500F: +4420.71665799', ""Reuters, the news and media division of Thomson Reuters, is the world’s largest international multimedia news provider reaching more than one billion people every day. Reuters provides trusted business, financial, national, and international news to professionals via Thomson Reuters desktops, the world's media organizations, and directly to consumers at Reuters.com and via Reuters TV.  Learn more about Thomson Reuters products:"", ' All quotes delayed a minimum of 15 minutes. See here for a complete list of exchanges and delays.']"
72,RTO.L,Rentokil Initial PLC,Rentokil Initial PLC,"['RiverbankMeadows Business Park, BlackwateCAMBERLEY \xa0  \xa0 GU17 9AB\nP: +441276.607444', ""Reuters, the news and media division of Thomson Reuters, is the world’s largest international multimedia news provider reaching more than one billion people every day. Reuters provides trusted business, financial, national, and international news to professionals via Thomson Reuters desktops, the world's media organizations, and directly to consumers at Reuters.com and via Reuters TV.  Learn more about Thomson Reuters products:"", ' All quotes delayed a minimum of 15 minutes. See here for a complete list of exchanges and delays.']"
73,RMV.L,Rightmove PLC,Rightmove PLC,"['4th Fl, 33 Soho SquareLONDON \xa0  \xa0 W1D 3QU\n', ""Reuters, the news and media division of Thomson Reuters, is the world’s largest international multimedia news provider reaching more than one billion people every day. Reuters provides trusted business, financial, national, and international news to professionals via Thomson Reuters desktops, the world's media organizations, and directly to consumers at Reuters.com and via Reuters TV.  Learn more about Thomson Reuters products:"", ' All quotes delayed a minimum of 15 minutes. See here for a complete list of exchanges and delays.']"
74,RIO.L,Rio Tinto PLC,Rio Tinto PLC,"[""6 St. James's SquareLONDON \xa0  \xa0 SW1Y 4AD\nP: +4420.77811623F: +4420.77811800"", ""Reuters, the news and media division of Thomson Reuters, is the world’s largest international multimedia news provider reaching more than one billion people every day. Reuters provides trusted business, financial, national, and international news to professionals via Thomson Reuters desktops, the world's media organizations, and directly to consumers at Reuters.com and via Reuters TV.  Learn more about Thomson Reuters products:"", ' All quotes delayed a minimum of 15 minutes. See here for a complete list of exchanges and delays.']"
75,RR.L,Rolls-Royce Holdings PLC,Rolls-Royce Holdings PLC,"['10 Moor LaneDERBY \xa0  \xa0 DE72 2AG\nP: +4420.72229020F: +4420.72279170', ""Reuters, the news and media division of Thomson Reuters, is the world’s largest international multimedia news provider reaching more than one billion people every day. Reuters provides trusted business, financial, national, and international news to professionals via Thomson Reuters desktops, the world's media organizations, and directly to consumers at Reuters.com and via Reuters TV.  Learn more about Thomson Reuters products:"", ' All quotes delayed a minimum of 15 minutes. See here for a complete list of exchanges and delays.']"
76,RBS.L,Royal Bank of Scotland Group PLC,Royal Bank of Scotland Group PLC,"['Gogarburn,PO Box 1000EDINBURGH \xa0  \xa0 EH12 1HQ\nP: +44131.5568555F: +44131.5576140', ""Reuters, the news and media division of Thomson Reuters, is the world’s largest international multimedia news provider reaching more than one billion people every day. Reuters provides trusted business, financial, national, and international news to professionals via Thomson Reuters desktops, the world's media organizations, and directly to consumers at Reuters.com and via Reuters TV.  Learn more about Thomson Reuters products:"", ' All quotes delayed a minimum of 15 minutes. See here for a complete list of exchanges and delays.']"
77,RDSa.L,Royal Dutch Shell PLC,Royal Dutch Shell PLC,"[""Carel van Bylandtlaan 30'S-GRAVENHAGE \xa0  \xa0 2596 HR\nP: +3170.3779111"", ""Reuters, the news and media division of Thomson Reuters, is the world’s largest international multimedia news provider reaching more than one billion people every day. Reuters provides trusted business, financial, national, and international news to professionals via Thomson Reuters desktops, the world's media organizations, and directly to consumers at Reuters.com and via Reuters TV.  Learn more about Thomson Reuters products:"", ' All quotes delayed a minimum of 15 minutes. See here for a complete list of exchanges and delays.']"
78,RDSb.L,Royal Dutch Shell PLC,Royal Dutch Shell PLC,"[' \xa0  \xa0 \n', ""Reuters, the news and media division of Thomson Reuters, is the world’s largest international multimedia news provider reaching more than one billion people every day. Reuters provides trusted business, financial, national, and international news to professionals via Thomson Reuters desktops, the world's media organizations, and directly to consumers at Reuters.com and via Reuters TV.  Learn more about Thomson Reuters products:"", ' All quotes delayed a minimum of 15 minutes. See here for a complete list of exchanges and delays.']"
79,RSA.L,RSA Insurance Group PLC,RSA Insurance Group PLC,"['30 BerkeleysquareLONDON \xa0  \xa0 00000\nP: +441403.232323', ""Reuters, the news and media division of Thomson Reuters, is the world’s largest international multimedia news provider reaching more than one billion people every day. Reuters provides trusted business, financial, national, and international news to professionals via Thomson Reuters desktops, the world's media organizations, and directly to consumers at Reuters.com and via Reuters TV.  Learn more about Thomson Reuters products:"", ' All quotes delayed a minimum of 15 minutes. See here for a complete list of exchanges and delays.']"
80,SDR.L,Schroders PLC,Schroders PLC,"['1 London Wall PlaceLONDON \xa0  \xa0 EC2Y 5AU\nP: +4420.76586000F: +4420.76586965', ""Reuters, the news and media division of Thomson Reuters, is the world’s largest international multimedia news provider reaching more than one billion people every day. Reuters provides trusted business, financial, national, and international news to professionals via Thomson Reuters desktops, the world's media organizations, and directly to consumers at Reuters.com and via Reuters TV.  Learn more about Thomson Reuters products:"", ' All quotes delayed a minimum of 15 minutes. See here for a complete list of exchanges and delays.']"
81,SMT.L,Scottish Mortgage Investment Trust PLC,Scottish Mortgage Investment Trust PLC,"['Calton Square, 1 Greenside RowEDINBURGH \xa0  \xa0 EH1 3AN\nP: +44131.2752000F: +44131.2224488', ""Reuters, the news and media division of Thomson Reuters, is the world’s largest international multimedia news provider reaching more than one billion people every day. Reuters provides trusted business, financial, national, and international news to professionals via Thomson Reuters desktops, the world's media organizations, and directly to consumers at Reuters.com and via Reuters TV.  Learn more about Thomson Reuters products:"", ' All quotes delayed a minimum of 15 minutes. See here for a complete list of exchanges and delays.']"
82,SGRO.L,SEGRO PLC,SEGRO PLC,"['Cunard HSE, 15 Regent StreetLONDON \xa0  \xa0 SW1Y 4LR\nP: +4420.74519100F: +4420.74519150', ""Reuters, the news and media division of Thomson Reuters, is the world’s largest international multimedia news provider reaching more than one billion people every day. Reuters provides trusted business, financial, national, and international news to professionals via Thomson Reuters desktops, the world's media organizations, and directly to consumers at Reuters.com and via Reuters TV.  Learn more about Thomson Reuters products:"", ' All quotes delayed a minimum of 15 minutes. See here for a complete list of exchanges and delays.']"
83,SVT.L,Severn Trent PLC,Severn Trent PLC,"['2 St. Johns StreetCOVENTRY \xa0  \xa0 CV1 2LZ\nP: +4424.77715000', ""Reuters, the news and media division of Thomson Reuters, is the world’s largest international multimedia news provider reaching more than one billion people every day. Reuters provides trusted business, financial, national, and international news to professionals via Thomson Reuters desktops, the world's media organizations, and directly to consumers at Reuters.com and via Reuters TV.  Learn more about Thomson Reuters products:"", ' All quotes delayed a minimum of 15 minutes. See here for a complete list of exchanges and delays.']"
84,SN.L,Smith & Nephew PLC,Smith & Nephew PLC,"['Building 5, Croxley Park, HatterWATFORD \xa0  \xa0 WD18 8YE\nP: +4420.74017646F: +4420.79303353', ""Reuters, the news and media division of Thomson Reuters, is the world’s largest international multimedia news provider reaching more than one billion people every day. Reuters provides trusted business, financial, national, and international news to professionals via Thomson Reuters desktops, the world's media organizations, and directly to consumers at Reuters.com and via Reuters TV.  Learn more about Thomson Reuters products:"", ' All quotes delayed a minimum of 15 minutes. See here for a complete list of exchanges and delays.']"
85,SMIN.L,Smiths Group PLC,Smiths Group PLC,"[""4th Fl, 11-12 St. James's SquareLONDON \xa0  \xa0 SW1Y 4LB\nP: +4420.70041600F: +4420.70041644"", ""Reuters, the news and media division of Thomson Reuters, is the world’s largest international multimedia news provider reaching more than one billion people every day. Reuters provides trusted business, financial, national, and international news to professionals via Thomson Reuters desktops, the world's media organizations, and directly to consumers at Reuters.com and via Reuters TV.  Learn more about Thomson Reuters products:"", ' All quotes delayed a minimum of 15 minutes. See here for a complete list of exchanges and delays.']"
86,SKG.L,Smurfit Kappa Group PLC,Smurfit Kappa Group PLC,"[' \xa0  \xa0 \n', ""Reuters, the news and media division of Thomson Reuters, is the world’s largest international multimedia news provider reaching more than one billion people every day. Reuters provides trusted business, financial, national, and international news to professionals via Thomson Reuters desktops, the world's media organizations, and directly to consumers at Reuters.com and via Reuters TV.  Learn more about Thomson Reuters products:"", ' All quotes delayed a minimum of 15 minutes. See here for a complete list of exchanges and delays.']"
87,SPX.L,Spirax-Sarco Engineering PLC,Spirax-Sarco Engineering PLC,"['Charlton HouseCHELTENHAM \xa0  \xa0 GL53 8ER\nP: +441242.521361F: +441242.581470', ""Reuters, the news and media division of Thomson Reuters, is the world’s largest international multimedia news provider reaching more than one billion people every day. Reuters provides trusted business, financial, national, and international news to professionals via Thomson Reuters desktops, the world's media organizations, and directly to consumers at Reuters.com and via Reuters TV.  Learn more about Thomson Reuters products:"", ' All quotes delayed a minimum of 15 minutes. See here for a complete list of exchanges and delays.']"
88,SSE.L,SSE PLC,SSE PLC,"['Inveralmond House, 200 Dunkeld RPERTH \xa0  \xa0 PH1 3AQ\nP: +441738.456000F: +441738.457005', ""Reuters, the news and media division of Thomson Reuters, is the world’s largest international multimedia news provider reaching more than one billion people every day. Reuters provides trusted business, financial, national, and international news to professionals via Thomson Reuters desktops, the world's media organizations, and directly to consumers at Reuters.com and via Reuters TV.  Learn more about Thomson Reuters products:"", ' All quotes delayed a minimum of 15 minutes. See here for a complete list of exchanges and delays.']"
89,SJP.L,St. James's Place PLC,St. James's Place PLC,"[""St. James's Place House, 1 TetbuCIRENCESTER \xa0  \xa0 GL7 1FP\nP: +441285.640302F: +441285.640436"", ""Reuters, the news and media division of Thomson Reuters, is the world’s largest international multimedia news provider reaching more than one billion people every day. Reuters provides trusted business, financial, national, and international news to professionals via Thomson Reuters desktops, the world's media organizations, and directly to consumers at Reuters.com and via Reuters TV.  Learn more about Thomson Reuters products:"", ' All quotes delayed a minimum of 15 minutes. See here for a complete list of exchanges and delays.']"
90,STAN.L,Standard Chartered PLC,Standard Chartered PLC,"['1 Basinghall AvenueLONDON \xa0  \xa0 EC2V 5DD\nP: +4420.78858888F: +4420.78859999', ""Reuters, the news and media division of Thomson Reuters, is the world’s largest international multimedia news provider reaching more than one billion people every day. Reuters provides trusted business, financial, national, and international news to professionals via Thomson Reuters desktops, the world's media organizations, and directly to consumers at Reuters.com and via Reuters TV.  Learn more about Thomson Reuters products:"", ' All quotes delayed a minimum of 15 minutes. See here for a complete list of exchanges and delays.']"
91,SLA.L,Standard Life Aberdeen PLC,Standard Life Aberdeen PLC,"['Investment House, 1 George StreeEDINBURGH \xa0  \xa0 EH2 2LL\nP: +44131.2457999', ""Reuters, the news and media division of Thomson Reuters, is the world’s largest international multimedia news provider reaching more than one billion people every day. Reuters provides trusted business, financial, national, and international news to professionals via Thomson Reuters desktops, the world's media organizations, and directly to consumers at Reuters.com and via Reuters TV.  Learn more about Thomson Reuters products:"", ' All quotes delayed a minimum of 15 minutes. See here for a complete list of exchanges and delays.']"
92,TW.L,Taylor Wimpey PLC,Taylor Wimpey PLC,"['Gate House, Turnpike RoadHIGH WYCOMBE \xa0  \xa0 HP12 3NR\nP: +441494.558323F: +441494.885663', ""Reuters, the news and media division of Thomson Reuters, is the world’s largest international multimedia news provider reaching more than one billion people every day. Reuters provides trusted business, financial, national, and international news to professionals via Thomson Reuters desktops, the world's media organizations, and directly to consumers at Reuters.com and via Reuters TV.  Learn more about Thomson Reuters products:"", ' All quotes delayed a minimum of 15 minutes. See here for a complete list of exchanges and delays.']"
93,TSCO.L,Tesco PLC,Tesco PLC,"['Cirrus a, Shire Park, Kestrel WaWELWYN GARDEN CITY \xa0  \xa0 AL7 1GA\nP: +441992.632222', ""Reuters, the news and media division of Thomson Reuters, is the world’s largest international multimedia news provider reaching more than one billion people every day. Reuters provides trusted business, financial, national, and international news to professionals via Thomson Reuters desktops, the world's media organizations, and directly to consumers at Reuters.com and via Reuters TV.  Learn more about Thomson Reuters products:"", ' All quotes delayed a minimum of 15 minutes. See here for a complete list of exchanges and delays.']"
94,SGE.L,Sage Group PLC,Sage Group PLC,"['North Park AvenueNEWCASTLE UPON TYNE \xa0  \xa0 NE13 9AA\nP: +44191.2943000F: +44191.2940002', ""Reuters, the news and media division of Thomson Reuters, is the world’s largest international multimedia news provider reaching more than one billion people every day. Reuters provides trusted business, financial, national, and international news to professionals via Thomson Reuters desktops, the world's media organizations, and directly to consumers at Reuters.com and via Reuters TV.  Learn more about Thomson Reuters products:"", ' All quotes delayed a minimum of 15 minutes. See here for a complete list of exchanges and delays.']"
95,ULVR.L,Unilever PLC,Unilever PLC,"['Unilever House, 100 Victoria EmbLONDON \xa0  \xa0 EC4Y 0DY\nP: +4420.78225252F: +4420.78225951', ""Reuters, the news and media division of Thomson Reuters, is the world’s largest international multimedia news provider reaching more than one billion people every day. Reuters provides trusted business, financial, national, and international news to professionals via Thomson Reuters desktops, the world's media organizations, and directly to consumers at Reuters.com and via Reuters TV.  Learn more about Thomson Reuters products:"", ' All quotes delayed a minimum of 15 minutes. See here for a complete list of exchanges and delays.']"
96,UU.L,United Utilities Group PLC,United Utilities Group PLC,"['Haweswater HSE, Lingley Green AvWARRINGTON \xa0  \xa0 WA5 3LP\nP: +441925.237000F: +441925.237073', ""Reuters, the news and media division of Thomson Reuters, is the world’s largest international multimedia news provider reaching more than one billion people every day. Reuters provides trusted business, financial, national, and international news to professionals via Thomson Reuters desktops, the world's media organizations, and directly to consumers at Reuters.com and via Reuters TV.  Learn more about Thomson Reuters products:"", ' All quotes delayed a minimum of 15 minutes. See here for a complete list of exchanges and delays.']"
97,VOD.L,Vodafone Group PLC,Vodafone Group PLC,"['Vodafone House, The ConnectionNEWBURY \xa0  \xa0 RG14 2FN\nP: +441635.33251F: +441635.238080', ""Reuters, the news and media division of Thomson Reuters, is the world’s largest international multimedia news provider reaching more than one billion people every day. Reuters provides trusted business, financial, national, and international news to professionals via Thomson Reuters desktops, the world's media organizations, and directly to consumers at Reuters.com and via Reuters TV.  Learn more about Thomson Reuters products:"", ' All quotes delayed a minimum of 15 minutes. See here for a complete list of exchanges and delays.']"
98,WTB.L,Whitbread PLC,Whitbread PLC,"['First Fl, 120 HolbornDUNSTABLE \xa0  \xa0 EC1N 2TD\nP: +441582.424200', ""Reuters, the news and media division of Thomson Reuters, is the world’s largest international multimedia news provider reaching more than one billion people every day. Reuters provides trusted business, financial, national, and international news to professionals via Thomson Reuters desktops, the world's media organizations, and directly to consumers at Reuters.com and via Reuters TV.  Learn more about Thomson Reuters products:"", ' All quotes delayed a minimum of 15 minutes. See here for a complete list of exchanges and delays.']"
99,MRW.L,WM Morrison Supermarkets PLC,WM Morrison Supermarkets PLC,"['Hilmore House, 71 Gain LaneBRADFORD \xa0  \xa0 BD3 7DL\nP: +440845.6115000F: +441274.487269', ""Reuters, the news and media division of Thomson Reuters, is the world’s largest international multimedia news provider reaching more than one billion people every day. Reuters provides trusted business, financial, national, and international news to professionals via Thomson Reuters desktops, the world's media organizations, and directly to consumers at Reuters.com and via Reuters TV.  Learn more about Thomson Reuters products:"", ' All quotes delayed a minimum of 15 minutes. See here for a complete list of exchanges and delays.']"
100,WPP.L,WPP PLC,WPP PLC,"['27 Farm StreetLONDON \xa0  \xa0 W1J 5RJ\nP: +4420.74082204F: +4420.74936819', ""Reuters, the news and media division of Thomson Reuters, is the world’s largest international multimedia news provider reaching more than one billion people every day. Reuters provides trusted business, financial, national, and international news to professionals via Thomson Reuters desktops, the world's media organizations, and directly to consumers at Reuters.com and via Reuters TV.  Learn more about Thomson Reuters products:"", ' All quotes delayed a minimum of 15 minutes. See here for a complete list of exchanges and delays.']"
